,is_signature_gene,is_pre-adipo_gene,is_adipo_gene,is_lipo_gene,is_thermo_gene,pre_adipo_enrichment,adipo_enrichment,lipo_enrichment,thermo_enrichment,enrichment_specificity,mean_expression,std_expression,cv_expression,pre_adipo_specific_expr,adipo_specific_expr,lipo_specific_expr,lipo_adipo_specific_expr,differentiation_ratio,lipogenesis_ratio,lipo_adipo_ratio,degree_centrality,weighted_degree,neighbor_sig_enrichment,clustering_coefficient,pre_adipo_pert_score,adipo_pert_score,lipo_pert_score,lipo_adipo_pert_score,pert_euclidean_dist,pert_cosine_dist,pert_total_shift
RNASEH2C,0,0,0,0,0,0.0,0.0,0.0,0.0,0.0,0.0,0.0,0.0,0,0.0,0.0,0.0,0.0,0.0,0.0,0.0,0.0,0.0,0.0,-0.1887372268445374,0.3366113258485854,0.229774954788324,0.2328318147062572,12.12211403597847,0.0185198020586658,1.135829421191752
FAM136A,0,0,0,0,0,0.0,0.0,0.0,0.0,0.0,0.0,0.0,0.0,0,0.0,0.0,0.0,0.0,0.0,0.0,0.0,0.0,0.0,0.0,-0.1215581005521105,0.239045509070946,0.1205163972539044,0.1119291728275879,8.606647419628487,0.0093905865567754,0.7105365882233843
EP400,0,0,0,0,0,0.0,0.0,0.0,0.0,0.0,0.0,0.0,0.0,0,0.0,0.0,0.0,0.0,0.0,0.0,0.0,0.0,0.0,0.0,-0.0845116152913396,0.1743913140596081,0.1369846512221584,0.207467207448563,6.968397803028774,0.0060973439097369,0.6932344867899376
SRPK1,0,0,0,0,0,0.0,0.0,0.0,0.0,0.0,0.0,0.0,0.0,0,0.0,0.0,0.0,0.0,0.0,0.0,0.0,0.0,0.0,0.0,0.0481780866056794,-0.062431179165324,-0.069959793222286,-0.2716324710080285,6.641145610235977,0.0053173978236742,0.4664546225609628
TMEM107,0,0,0,0,0,0.0,0.0,0.0,0.0,0.0,0.0,0.0,0.0,0,0.0,0.0,0.0,0.0,0.0,0.0,0.0,0.0,0.0,0.0,-0.0975881352074821,0.1433902658415788,0.1187194520607328,0.198955764286089,6.599902664098237,0.0055163310628282,0.6044557480299795
CEBPA,1,0,0,0,1,-0.3071593216944985,0.32529222938555785,0.07658110570134657,0.06197417267101239,1.0,1.8723062643034833,0.14811629919802907,0.07910896999757665,0,2.2555577211602835,2.2502605674843643,2.1013023348288637,2255557.721160284,0.9976510681694006,1.122306351575562,128.0,54.51956177553278,1.0,0.7999507874015748,0.02785706451481121,-0.019764753153252886,-0.011943304511220455,-0.03315917347891808,3.490305127653773,0.00165856385176697,0.1650339412441311
CEBPB,1,0,0,0,1,-0.038506452793827604,0.06612489952993082,0.025135977063210725,0.01848192408724476,38.80988024315362,0.0,0.0,0.0,0,0.0,0.0,0.0,0.0,0.0,0.0,0.0,0.0,0.0,0.0,0.1233398586315629,-0.1214987086161288,-0.0393475483243269,-0.0466324710080286,4.9636527728463165,0.0031164069393715,0.3326597365954812
NFIB,0,0,0,0,0,0.0,0.0,0.0,0.0,0.0,0.4287184832056121,0.06527790831575721,0.1522625186699299,0,0.44226746442507436,0.5141436134404788,0.5000927851768859,442267.4644250744,1.1625147501955364,1.1664801922170716,0.0,0.0,0.0,0.0,0.00819387582323183,0.013202323632027979,0.0018861242727934602,-0.012517609286838373,3.480045972176818,0.001590714883941187,0.17212610196942416
SMAD2,0,0,0,0,0,0.0,0.0,0.0,0.0,0.0,0.0,0.0,0.0,0,0.0,0.0,0.0,0.0,0.0,0.0,0.0,0.0,0.0,0.0,-0.0415559265799916,0.1259355513728201,0.0592013252863691,0.065173084547527,4.886303496772791,0.0030170420119413,0.3762455125795363
PHF3,0,0,0,0,0,0.0,0.0,0.0,0.0,0.0,0.0,0.0,0.0,0,0.0,0.0,0.0,0.0,0.0,0.0,0.0,0.0,0.0,0.0,0.0967474034676791,-0.1038734767051826,-0.0180117412742341,0.0663956980060559,4.739094303724741,0.0028403753161305,0.2921543926906554
TCEAL1,0,0,0,0,0,0.0,0.0,0.0,0.0,0.0,2.30310215902472,0.06093096256085593,0.02645602839026019,0,2.1608771244549736,2.160256642395639,2.174323105452759,2160877.1244549737,0.9997123937475689,0.9440841140496309,0.0,0.0,0.0,0.0,0.035177020897272634,-0.00938269351424093,-0.006025642478225908,-0.014375739345726566,3.2374818189471855,0.0013669521631855342,0.1431886703543371
CNOT8,0,0,0,0,0,0.0,0.0,0.0,0.0,0.0,0.0,0.0,0.0,0,0.0,0.0,0.0,0.0,0.0,0.0,0.0,0.0,0.0,0.0,0.1081202114506567,-0.0846717744526329,-0.0428411491544894,-0.1147697259099893,4.226132938867776,0.0022157728137573,0.3738512979657921
DEK,0,0,0,0,0,0.0,0.0,0.0,0.0,0.0,0.0,0.0,0.0,0,0.0,0.0,0.0,0.0,0.0,0.0,0.0,0.0,0.0,0.0,-0.0073347607864048,0.0729148734356029,0.0408329479429479,0.0636276445989079,4.1564860712030764,0.0021642560898824,0.2502903394130619
EWSR1,0,0,0,0,0,0.0,0.0,0.0,0.0,0.0,0.0,0.0,0.0,0,0.0,0.0,0.0,0.0,0.0,0.0,0.0,0.0,0.0,0.0,0.0653057268647123,-0.0788930807570447,-0.0178506120808468,0.0200341956586381,4.086532944413755,0.0021109664836206,0.1956709692535745
NMI,0,0,0,0,0,0.0,0.0,0.0,0.0,0.0,0.0,0.0,0.0,0,0.0,0.0,0.0,0.0,0.0,0.0,0.0,0.0,0.0,0.0,-0.0743212282751099,0.1019974314129165,0.0111887710723456,-0.0459380265635841,4.027130038457438,0.0020501464849401,0.2611216604617628
PLIN1,1,0,0,0,1,-0.3680838186936355,0.4180083951079635,0.10309623956926126,0.08483331770700611,1.0,1.665545672175424,0.1932400203320656,0.11602197858536659,0,2.267292563302801,2.3554374518748458,2.1527513804704412,2267292.5633028015,1.0388762575780632,1.2925193970449735,176.0,86.94915064237557,1.0,0.5307142857142857,0.015078620286308794,-0.0009688003429967029,-0.007166158202773511,-0.027750924561390184,3.289938708293565,0.001403624328841193,0.13324032439787512
NFE2L1,0,0,0,0,0,0.0,0.0,0.0,0.0,0.0,0.0,0.0,0.0,0,0.0,0.0,0.0,0.0,0.0,0.0,0.0,0.0,0.0,0.0,0.0818198023331815,-0.0592772683158707,-0.0354770346015964,-0.0977194275297677,3.9526109810905914,0.0019693762239038,0.2968360667977271
SUPT5H,0,0,0,0,0,0.0,0.0,0.0,0.0,0.0,0.0,0.0,0.0,0,0.0,0.0,0.0,0.0,0.0,0.0,0.0,0.0,0.0,0.0,0.0017447770842997,-0.0085991554894387,0.0158142653551198,0.0729053441180219,3.894750349187321,0.001910028742517,0.1059179204520194
TWIST2,0,0,0,0,0,0.0,0.0,0.0,0.0,0.0,0.0,0.0,0.0,0,0.0,0.0,0.0,0.0,0.0,0.0,0.0,0.0,0.0,0.0,-0.0434854207029687,0.0705988557982379,0.0561196541006846,0.1125780553077608,3.8630164549550776,0.0018843737513598,0.3098954210049213
PLAGL1,0,0,0,0,0,0.0,0.0,0.0,0.0,0.0,0.0,0.0,0.0,0,0.0,0.0,0.0,0.0,0.0,0.0,0.0,0.0,0.0,0.0,-0.0328647284664341,0.075264207076464,0.0523312284495405,0.0958093894570876,3.848410090832619,0.0018693939702291,0.2986690320595562
EDF1,0,0,0,0,0,0.0,0.0,0.0,0.0,0.0,0.0,0.0,0.0,0,0.0,0.0,0.0,0.0,0.0,0.0,0.0,0.0,0.0,0.0,-0.0536265342524799,0.0956981877170969,0.0583354616107544,0.0915516085939615,3.8420000650982793,0.0018069638146964,0.3412834456389097
MBD3,0,0,0,0,0,0.0,0.0,0.0,0.0,0.0,0.0,0.0,0.0,0,0.0,0.0,0.0,0.0,0.0,0.0,0.0,0.0,0.0,0.0,-0.0152974144594916,0.0561723598112421,0.0280794224639884,0.0408675289919714,3.735538561439411,0.0017388672260616,0.1812916710784441
HAND2,0,0,0,0,0,0.0,0.0,0.0,0.0,0.0,1.6888726052707537,0.07753552694874055,0.04590960904757012,0,1.5428271513145337,1.5182284482984771,1.4961083414710497,1542827.1513145338,0.9840554484340354,0.8858616398538596,0.0,0.0,0.0,0.0,0.027021411009451275,-0.003437019913435901,-0.002867395106854382,-0.009900438125770069,3.1288747727823343,0.001268611770310078,0.13807698248460404
BRCA1,0,0,0,0,0,0.0,0.0,0.0,0.0,0.0,0.0,0.0,0.0,0,0.0,0.0,0.0,0.0,0.0,0.0,0.0,0.0,0.0,0.0,-0.0349901400345701,0.0617746007076006,0.026212008831869,0.0295371196352464,3.699987851566581,0.0017104294670512,0.1792983298823166
TEAD1,0,0,0,0,0,0.0,0.0,0.0,0.0,0.0,0.0,0.0,0.0,0,0.0,0.0,0.0,0.0,0.0,0.0,0.0,0.0,0.0,0.0,-0.0215953488808368,0.0719377437746257,0.041471522819981,0.0665599488170444,3.674003312015554,0.0016860611111282,0.2519069591862767
NKX3-1,0,0,0,0,0,0.0,0.0,0.0,0.0,0.0,0.0,0.0,0.0,0,0.0,0.0,0.0,0.0,0.0,0.0,0.0,0.0,0.0,0.0,0.0990306659279328,-0.0681725994113849,-0.0204022710983922,-0.0099502280173743,3.6517644370134,0.0016810818628277,0.2284138309716321
ETV1,0,0,0,0,0,0.0,0.0,0.0,0.0,0.0,0.6028440317469492,0.07331714556349785,0.12161856149172598,0,0.64179347683605,0.652728371343501,0.5860316130950869,641793.47683605,1.0170364421977476,0.9721098826954918,0.0,0.0,0.0,0.0,0.03694486685246363,-0.013507550376189763,-0.007966749561566944,-0.0210036165995554,3.206989414216148,0.001324740834479987,0.1618188305231408
FASN,1,0,0,1,0,-0.3351686179185748,0.38094880878274345,0.09705435967794614,0.0791417539952515,1.0,2.186056207725117,0.11129384610024878,0.05091076560437539,0,2.52192052170273,2.5516929454023995,2.419458875878652,2521920.52170273,1.011805055567141,1.1067683257916294,155.0,71.68857533811182,1.0,0.6360284876413909,0.018559161930182606,-0.0029181223135591565,-0.005949965785874512,-0.022720233315253604,3.2050536449905156,0.0013350340716849905,0.13869964543890526
ABT1,0,0,0,0,0,0.0,0.0,0.0,0.0,0.0,0.0,0.0,0.0,0,0.0,0.0,0.0,0.0,0.0,0.0,0.0,0.0,0.0,0.0,-0.0209699486246728,0.0740440918373859,0.0480957623332694,0.0843884714003483,3.550813311726608,0.0015850223654253,0.2805724174083896
MEIS2,0,0,0,0,0,0.0,0.0,0.0,0.0,0.0,0.0,0.0,0.0,0,0.0,0.0,0.0,0.0,0.0,0.0,0.0,0.0,0.0,0.0,0.0005652168599606,-0.050106321874198,-0.0327257506690946,-0.092145291520849,3.515731944819826,0.0015598473701882,0.2250836859383397
RORA,0,0,0,0,0,0.0,0.0,0.0,0.0,0.0,0.0,0.0,0.0,0,0.0,0.0,0.0,0.0,0.0,0.0,0.0,0.0,0.0,0.0,0.1230431325097733,-0.0846936796578572,-0.0263410533192166,-0.0192960224098976,3.513513349967564,0.0015597380981683,0.2917233407486608
HMBOX1,0,0,0,0,0,0.0,0.0,0.0,0.0,0.0,0.0,0.0,0.0,0,0.0,0.0,0.0,0.0,0.0,0.0,0.0,0.0,0.0,0.0,-0.0529096366003197,0.0468608726593037,0.0183202676605146,0.0183675289919714,3.454123912138788,0.0015066675385176,0.1425070698531256
HMGA1,0,0,0,0,0,0.0,0.0,0.0,0.0,0.0,0.0,0.0,0.0,0,0.0,0.0,0.0,0.0,0.0,0.0,0.0,0.0,0.0,0.0,-0.0347977682784975,0.0875054960808253,0.0221675099602935,-0.0046421797458925,3.441682099453669,0.001496127422368,0.2018206818678366
MEF2A,0,0,0,0,0,0.0,0.0,0.0,0.0,0.0,0.0,0.0,0.0,0,0.0,0.0,0.0,0.0,0.0,0.0,0.0,0.0,0.0,0.0,0.1002106069308826,-0.0454319182636241,-0.0093537326162254,0.0140818147062571,3.438923764459395,0.0014860362920696,0.2238567611842478
RBBP7,0,0,0,0,0,0.0,0.0,0.0,0.0,0.0,0.0,0.0,0.0,0,0.0,0.0,0.0,0.0,0.0,0.0,0.0,0.0,0.0,0.0,0.0876723806311884,-0.0557182679995151,-0.0217946556076071,-0.0329961073716649,3.432655992205927,0.0014852456972431,0.2301355242416488
POLR2B,0,0,0,0,0,0.0,0.0,0.0,0.0,0.0,0.0,0.0,0.0,0,0.0,0.0,0.0,0.0,0.0,0.0,0.0,0.0,0.0,0.0,-0.0249466257735199,0.0801827186717674,0.0394741690418649,0.0523898753606865,3.3971176868910207,0.0014422341077287,0.2522294817460864
GRB14,0,0,0,0,0,0.0,0.0,0.0,0.0,0.0,1.4278114461179978,0.1028095712670044,0.0720049552352116,0,1.4363350310088343,1.3587594638789209,1.3954926544673656,1436335.0310088345,0.9459899595532487,0.9773641196793705,0.0,0.0,0.0,0.0,0.012250173856181807,-0.0005436200076285065,-0.006358290724432608,-0.02594632519885226,3.1944678709677023,0.001312048078674648,0.1373816119194946
TCF7L2,0,0,0,0,0,0.0,0.0,0.0,0.0,0.0,0.0,0.0,0.0,0,0.0,0.0,0.0,0.0,0.0,0.0,0.0,0.0,0.0,0.0,0.0060367769404336,-0.0684413825338335,-0.0212491915030883,-0.0140567134322709,3.355588580270985,0.0013795351672797,0.1721886700030262
ZFY,0,0,0,0,0,0.0,0.0,0.0,0.0,0.0,0.0,0.0,0.0,0,0.0,0.0,0.0,0.0,0.0,0.0,0.0,0.0,0.0,0.0,0.0017324527826254,-0.0042394337721706,-0.0257771717200769,-0.0972138663568657,3.3450725084089985,0.0013967637259978,0.1314699056212839
RXRG,0,0,0,0,0,0.0,0.0,0.0,0.0,0.0,0.0,0.0,0.0,0,0.0,0.0,0.0,0.0,0.0,0.0,0.0,0.0,0.0,0.0,-0.0101342206553242,0.0642859500749338,0.0269203381406039,0.0293879371552368,3.3092038356950435,0.001372505010033,0.1848801754457082
ANKRA2,0,0,0,0,0,0.0,0.0,0.0,0.0,0.0,0.0,0.0,0.0,0,0.0,0.0,0.0,0.0,0.0,0.0,0.0,0.0,0.0,0.0,-0.0787848268590716,0.055558415603422,0.0298445120614713,0.0471175289919714,3.3056117836372345,0.0013598270144172,0.2345316947715861
NR3C1,0,0,0,0,0,0.0,0.0,0.0,0.0,0.0,0.0,0.0,0.0,0,0.0,0.0,0.0,0.0,0.0,0.0,0.0,0.0,0.0,0.0,0.0518884592798759,-0.0785822131588855,-0.0140313815891764,0.0408675289919713,3.2889415145664755,0.0013669137409729,0.2120633368989187
FOS,0,0,0,0,0,0.0,0.0,0.0,0.0,0.0,0.0,0.0,0.0,0,0.0,0.0,0.0,0.0,0.0,0.0,0.0,0.0,0.0,0.0,-0.0302423912361767,0.0692339866615109,0.0250912672647524,0.019232913607356,3.2454364264538813,0.0013281554070369,0.1827921541951302
PPARA,1,0,0,1,0,-0.10194567239284132,0.15734754388006458,0.05937693412666549,0.049239752850161134,70.76024579130697,0.0,0.0,0.0,0,0.0,0.0,0.0,0.0,0.0,0.0,0.0,0.0,0.0,0.0,-0.0373582198374358,0.0575675811780607,0.0050084405769516,-0.0337292452015769,3.2386746044427275,0.0013159619907058,0.1538728481346499
RBAK,0,0,0,0,0,0.0,0.0,0.0,0.0,0.0,0.0,0.0,0.0,0,0.0,0.0,0.0,0.0,0.0,0.0,0.0,0.0,0.0,0.0,0.0104825781603724,0.047908771166074,0.0554616497986174,0.1389635554820377,3.207788898659522,0.0013002589619155,0.311207903933548
BCL6,0,0,0,0,0,0.0,0.0,0.0,0.0,0.0,0.0,0.0,0.0,0,0.0,0.0,0.0,0.0,0.0,0.0,0.0,0.0,0.0,0.0,-0.0019522429418908,-0.0018279395451417,-0.0012575031459502,-0.002975754590118,3.196240231021516,0.0012898143896393,0.0117936227101334
EP300,0,0,0,0,0,0.0,0.0,0.0,0.0,0.0,0.0,0.0,0.0,0,0.0,0.0,0.0,0.0,0.0,0.0,0.0,0.0,0.0,0.0,0.0474633541836299,-0.0121318849635908,0.0069632837007908,0.0418003648128669,3.192089300859461,0.0012857085679126,0.1436903568809176
KLF5,0,0,0,0,0,0.0,0.0,0.0,0.0,0.0,0.0,0.0,0.0,0,0.0,0.0,0.0,0.0,0.0,0.0,0.0,0.0,0.0,0.0,0.0850943278611152,-0.0249949908499526,0.003683617630427,0.0450341956586382,3.137173007700056,0.0012432498199581,0.2189064690112957
CREG1,0,0,0,0,0,0.0,0.0,0.0,0.0,0.0,0.0,0.0,0.0,0,0.0,0.0,0.0,0.0,0.0,0.0,0.0,0.0,0.0,0.0,0.0615882207070204,-0.0490660455139876,-0.0090741843661975,0.0204029272220599,3.1263776019752427,0.0012350002113056,0.1526535530022982
HIF1A,0,0,0,0,0,0.0,0.0,0.0,0.0,0.0,0.0,0.0,0.0,0,0.0,0.0,0.0,0.0,0.0,0.0,0.0,0.0,0.0,0.0,-0.0614836840451762,-0.0199840696113556,-0.0091863125593026,-0.0158185175196564,3.087478345855817,0.0011805014729966,0.1879403373920229
PBX1,0,0,0,0,0,0.0,0.0,0.0,0.0,0.0,0.0,0.0,0.0,0,0.0,0.0,0.0,0.0,0.0,0.0,0.0,0.0,0.0,0.0,-0.005212040597028,0.0008200753567905,0.0185569531891972,0.070960121584564,3.0755368205511275,0.001160002481808,0.0999411559678173
MXD1,0,0,0,0,0,0.0,0.0,0.0,0.0,0.0,0.0,0.0,0.0,0,0.0,0.0,0.0,0.0,0.0,0.0,0.0,0.0,0.0,0.0,-0.0586384701592367,0.074694426618421,0.0228740829992123,0.0077792936978537,3.0460839379075435,0.0011617580294623,0.1800422299339081
SOX13,1,0,0,0,1,-0.08643539153315764,0.1276211406300631,0.04018676458849916,0.033969597685363284,1.0,0.0,0.0,0.0,0,0.0,0.0,0.0,0.0,0.0,0.0,0.0,0.0,0.0,0.0,0.0280893948096704,-0.0011894940211999,-0.0026870659495587,-0.009221123490298,3.037163274299308,0.0011613478780341,0.0680869790591977
JARID2,0,0,0,0,0,0.0,0.0,0.0,0.0,0.0,0.0,0.0,0.0,0,0.0,0.0,0.0,0.0,0.0,0.0,0.0,0.0,0.0,0.0,-0.0030022444747397,-0.0045410821920652,0.0183936204323324,0.0775738781983206,3.029229121675145,0.0011534029253724,0.1110541519642632
HAX1,0,0,0,0,0,0.0,0.0,0.0,0.0,0.0,0.0,0.0,0.0,0,0.0,0.0,0.0,0.0,0.0,0.0,0.0,0.0,0.0,0.0,0.0608644306319918,-0.0351363177753792,-0.0121664482135295,-0.0117899513229892,3.0265192960924385,0.001153562003565,0.1456852608005022
BDP1,0,0,0,0,0,0.0,0.0,0.0,0.0,0.0,0.0,0.0,0.0,0,0.0,0.0,0.0,0.0,0.0,0.0,0.0,0.0,0.0,0.0,-0.0135950243134406,0.0053896489067167,0.0172336672681771,0.0599737466085518,3.024450433979163,0.0011257410479507,0.1043974625036103
NFIA,0,0,0,0,0,0.0,0.0,0.0,0.0,0.0,0.0,0.0,0.0,0,0.0,0.0,0.0,0.0,0.0,0.0,0.0,0.0,0.0,0.0,0.0381023448226205,0.0045551317234258,0.0155102922477994,0.0544544855137105,2.965558685098437,0.0011024703291481,0.1552797308536026
EEF1A1,0,0,0,0,0,0.0,0.0,0.0,0.0,0.0,3.7659607706915352,0.012142983640097643,0.0032244043831246468,0,3.7653924046132055,3.751258549230728,3.765690418829966,3765392.4046132057,0.9962461145852223,0.999927946198583,0.0,0.0,0.0,0.0,0.0212990423050323,0.0103040124723065,0.0014687782062853,-0.0049658043413619,2.948772534348365,0.0010944225436431,0.0696406921023249
CBFB,0,0,0,0,0,0.0,0.0,0.0,0.0,0.0,0.0,0.0,0.0,0,0.0,0.0,0.0,0.0,0.0,0.0,0.0,0.0,0.0,0.0,0.0502106069308826,-0.0160565317453806,-0.0223407456032384,-0.0744493724164793,2.9452638239693023,0.0010883135700048,0.1972113318814831
FOXP1,0,0,0,0,0,0.0,0.0,0.0,0.0,0.0,0.0,0.0,0.0,0,0.0,0.0,0.0,0.0,0.0,0.0,0.0,0.0,0.0,0.0,0.0154167924978929,0.0379795156632736,0.0065006878773702,-0.0129115407754704,2.9400671207709133,0.0010845812636539,0.1262048449751737
PWP1,0,0,0,0,0,0.0,0.0,0.0,0.0,0.0,0.0,0.0,0.0,0,0.0,0.0,0.0,0.0,0.0,0.0,0.0,0.0,0.0,0.0,0.0600926128305877,0.0220928873142787,-0.0027031560541445,-0.0311261418941045,2.932686913494537,0.0010512733709416,0.1982002982379817
BTG2,0,0,0,0,0,0.0,0.0,0.0,0.0,0.0,0.5755706180453406,0.12844761370070618,0.22316530154304398,0,1.0576769056994295,1.1587855479868483,0.9729238726347738,1057676.9056994296,1.0955939816295563,1.6903610986567648,0.0,0.0,0.0,0.0,0.02290815546449674,-0.003320537107289467,-0.005672066466401028,-0.019427310237256273,3.1796801877358654,0.0013228877224743284,0.1315960372724244
TRPS1,0,0,0,0,0,0.0,0.0,0.0,0.0,0.0,0.0,0.0,0.0,0,0.0,0.0,0.0,0.0,0.0,0.0,0.0,0.0,0.0,0.0,0.0431299969090961,-0.0309736096876686,0.0019356316143153,0.0456752212996637,2.900247012717556,0.0010609711763482,0.1338708467321714
PDCD11,0,0,0,0,0,0.0,0.0,0.0,0.0,0.0,0.0,0.0,0.0,0,0.0,0.0,0.0,0.0,0.0,0.0,0.0,0.0,0.0,0.0,0.0171803039005796,-0.0084622212939272,0.0045856613231684,0.0276376019846721,2.8989564876857354,0.0010618105380978,0.066583871109
PDLIM4,0,0,0,0,0,0.0,0.0,0.0,0.0,0.0,0.0,0.0,0.0,0,0.0,0.0,0.0,0.0,0.0,0.0,0.0,0.0,0.0,0.0,-0.0096852264024506,-0.010157297051503,-0.007459793222286,-0.0190008920606601,2.8929761653014667,0.0010550902645312,0.0661457321908535
TFEB,0,0,0,0,0,0.0,0.0,0.0,0.0,0.0,0.0,0.0,0.0,0,0.0,0.0,0.0,0.0,0.0,0.0,0.0,0.0,0.0,0.0,0.016636095633599,0.0082503730424294,-0.0075073941362236,-0.036675450950722,2.8906563383505453,0.0010424836515311,0.0939557824390026
NAB1,0,0,0,0,0,0.0,0.0,0.0,0.0,0.0,0.0,0.0,0.0,0,0.0,0.0,0.0,0.0,0.0,0.0,0.0,0.0,0.0,0.0,-0.0174627711451799,0.0562052588769086,0.023999938321338,0.0278327696336826,2.8902312530617644,0.0010503801377671,0.164243225708838
TSC22D1,0,0,0,0,0,0.0,0.0,0.0,0.0,0.0,0.0,0.0,0.0,0,0.0,0.0,0.0,0.0,0.0,0.0,0.0,0.0,0.0,0.0,0.0133149326306282,-0.0228203059573554,-0.0107994878787745,-0.0195999506828253,2.8897678674452423,0.0010497565157333,0.0760400504763107
TRRAP,0,0,0,0,0,0.0,0.0,0.0,0.0,0.0,0.0,0.0,0.0,0,0.0,0.0,0.0,0.0,0.0,0.0,0.0,0.0,0.0,0.0,-0.0209801490424819,0.0315185499911919,0.0158216403852344,0.0251154964716462,2.885239289535723,0.0010381268671063,0.1039742368392644
NPM1,0,0,0,0,0,0.0,0.0,0.0,0.0,0.0,0.0,0.0,0.0,0,0.0,0.0,0.0,0.0,0.0,0.0,0.0,0.0,0.0,0.0,0.0376535293053119,0.0392505225832002,0.0373461428507733,0.0899059905304329,2.882815746961455,0.0010500332049773,0.2810602371582304
ZFP2,0,0,0,0,0,0.0,0.0,0.0,0.0,0.0,0.0,0.0,0.0,0,0.0,0.0,0.0,0.0,0.0,0.0,0.0,0.0,0.0,0.0,-0.0354215769771633,0.0642859500749338,0.0059022757432311,-0.0359181852937428,2.869509634284174,0.0010270498577126,0.1703923611868415
BTAF1,0,0,0,0,0,0.0,0.0,0.0,0.0,0.0,0.0,0.0,0.0,0,0.0,0.0,0.0,0.0,0.0,0.0,0.0,0.0,0.0,0.0,0.0563834464370555,-0.0291580686564413,-0.0174906574198169,-0.0419027412782988,2.857369637868303,0.0010159790947806,0.1721602915722267
PPARD,0,0,0,0,0,0.0,0.0,0.0,0.0,0.0,0.0,0.0,0.0,0,0.0,0.0,0.0,0.0,0.0,0.0,0.0,0.0,0.0,0.0,0.0181593248796005,0.0373186644869585,0.0689290956666029,0.1993820217455946,2.856269162204882,0.0009844879498823,0.3792670961453158
TWIST1,0,0,0,0,0,0.0,0.0,0.0,0.0,0.0,0.0,0.0,0.0,0,0.0,0.0,0.0,0.0,0.0,0.0,0.0,0.0,0.0,0.0,0.0848713738925345,-0.0345442808273142,-0.0027031560541445,0.029954830579273,2.8549190973825542,0.00100807186303,0.2024007344184865
ZHX3,0,0,0,0,0,0.0,0.0,0.0,0.0,0.0,0.0,0.0,0.0,0,0.0,0.0,0.0,0.0,0.0,0.0,0.0,0.0,0.0,0.0,-0.004604727337467,0.0341719748045045,0.0254118757819215,0.0552906059150484,2.851015873850761,0.0010221594733603,0.1490464313059789
ZNF141,0,0,0,0,0,0.0,0.0,0.0,0.0,0.0,0.0,0.0,0.0,0,0.0,0.0,0.0,0.0,0.0,0.0,0.0,0.0,0.0,0.0,0.0341849659052416,-0.0123608226925286,-0.0154726137351066,-0.0494102487858063,2.8315477970955056,0.0010122400157617,0.1332527943313961
HDAC2,0,0,0,0,0,0.0,0.0,0.0,0.0,0.0,0.0,0.0,0.0,0,0.0,0.0,0.0,0.0,0.0,0.0,0.0,0.0,0.0,0.0,0.0132119900567471,0.0246045459637114,0.0130277586449338,0.0224851760507949,2.8277155002096555,0.0009815066829041,0.1111460067366458
KLF16,0,0,0,0,0,0.0,0.0,0.0,0.0,0.0,0.0,0.0,0.0,0,0.0,0.0,0.0,0.0,0.0,0.0,0.0,0.0,0.0,0.0,0.0484725900995617,0.004795936574549,-0.0008050182497283,-0.0080341446481959,2.8260081777229105,0.0010023470463246,0.1153762162461458
ZNF354B,0,0,0,0,0,0.0,0.0,0.0,0.0,0.0,0.0,0.0,0.0,0,0.0,0.0,0.0,0.0,0.0,0.0,0.0,0.0,0.0,0.0,0.0217295942726548,-0.0409567872062147,-0.0165139423080807,-0.0248792242547818,2.7915439707870706,0.0009749981715218,0.1233067409752919
RREB1,1,0,0,0,1,-0.11902772196211871,0.21435468547587483,0.07193182434519275,0.06130025831010395,45.27229843835718,0.0,0.0,0.0,0,0.0,0.0,0.0,0.0,0.0,0.0,17.0,5.776468164676209,1.0,0.9338235294117647,0.0350448783505198,-0.0436694530865248,-0.0024175793386086,0.044157002676182,2.79068664280987,0.0009633990372964,0.1339134881878404
HMGN3,0,0,0,0,0,0.0,0.0,0.0,0.0,0.0,0.0,0.0,0.0,0,0.0,0.0,0.0,0.0,0.0,0.0,0.0,0.0,0.0,0.0,0.0443791547111686,0.0065552217596331,0.0158189878160887,0.0531538537782962,2.783872041388177,0.0009786149760382,0.1708415945359885
KLF7,0,0,0,0,0,0.0,0.0,0.0,0.0,0.0,1.8980303520156658,0.07374981100771748,0.03885594983949916,0,1.7258242029973712,1.6122502879806837,1.7308011462509556,1725824.2029973713,0.9341909511928362,0.9118928116824226,0.0,0.0,0.0,0.0,0.032067851762345445,-0.006648160400879465,-0.0056461714357238695,-0.015430671968757673,3.0993726927197995,0.0012502338013517431,0.12921202660467662
ZFPM2,1,0,1,0,0,0.0400099225399833,0.028659692954231486,0.025185843873974007,0.02374158117560128,1.547032171166104,1.566060042476089,0.08462509429624455,0.05403690660898145,0,1.5324195387122554,1.4948784677024254,1.3268572236321816,1532419.5387122554,0.9755014566423276,0.8472576659810758,0.0,0.0,0.0,0.0,0.03140534272507935,-0.008991411293412743,-0.006985247596843987,-0.018698629130894484,3.0702180925261477,0.0012231910829245442,0.12987305850474276
IRF4,1,0,0,0,1,0.06777812976395246,-0.07403561607226501,-0.008830344591906087,-0.007219836159927243,1.0,0.8161386436440631,0.10508785347110246,0.12876209885098247,0,0.6599345607794684,0.5767590692667036,0.5687930247081989,659934.5607794685,0.8739627071853459,0.6969310082384166,0.0,0.0,0.0,0.0,0.02958095350990618,-0.0024485784906739267,-0.002890862818255237,-0.009106362077294804,3.038511747658515,0.0012001886222233636,0.126143986592762
KLF15,0,0,0,0,0,0.0,0.0,0.0,0.0,0.0,1.3381248267029817,0.11194246287619246,0.083656155977505,0,1.6481772163030999,1.6144253899125922,1.6006590914169614,1648177.2163030999,0.9795211306297835,1.1961947519993972,0.0,0.0,0.0,0.0,0.02797601191382184,-0.007983205772432174,-0.007282610328537685,-0.02093771770102096,3.2604861830026834,0.0013938029145942527,0.14154763668705067
SSB,0,0,0,0,0,0.0,0.0,0.0,0.0,0.0,0.0,0.0,0.0,0,0.0,0.0,0.0,0.0,0.0,0.0,0.0,0.0,0.0,0.0,0.0119794582346177,-0.0017391768964641,-0.0128773407909964,-0.0484919751402599,2.7633455321131115,0.0009646523207582,0.0853282324004916
ZNF254,0,0,0,0,0,0.0,0.0,0.0,0.0,0.0,0.0,0.0,0.0,0,0.0,0.0,0.0,0.0,0.0,0.0,0.0,0.0,0.0,0.0,-0.0241483674280916,0.057831484999779,0.0185017452392523,0.0088553338700202,2.7591656811522887,0.0009590750300708,0.1430200491088307
DDX5,0,0,0,0,0,0.0,0.0,0.0,0.0,0.0,0.0,0.0,0.0,0,0.0,0.0,0.0,0.0,0.0,0.0,0.0,0.0,0.0,0.0,0.001543940264216,0.0176468696151637,0.005240206777714,0.0016233429454597,2.7558800644432964,0.0009502013132416,0.0452451694819331
ZNF215,0,0,0,0,0,0.0,0.0,0.0,0.0,0.0,0.0,0.0,0.0,0,0.0,0.0,0.0,0.0,0.0,0.0,0.0,0.0,0.0,0.0,-0.0246591847357839,0.0022124946151637,-0.009412918222286,-0.0385497642411113,2.731447271911202,0.0009385421790394,0.0972810519349654
ZNF44,0,0,0,0,0,0.0,0.0,0.0,0.0,0.0,0.0,0.0,0.0,0,0.0,0.0,0.0,0.0,0.0,0.0,0.0,0.0,0.0,0.0,-0.0516706861268809,0.0254357408393289,0.0063518125010843,-0.0019695496597139,2.7197923145176164,0.0009345585016302,0.1116627344145602
TCFL5,0,0,0,0,0,0.0,0.0,0.0,0.0,0.0,0.0,0.0,0.0,0,0.0,0.0,0.0,0.0,0.0,0.0,0.0,0.0,0.0,0.0,0.0121566570272217,-0.0378999511940849,0.0109650622690433,0.0967885816235504,2.698169925912977,0.0009145503861154,0.1835535462807636
RB1,1,0,0,0,1,0.02278640891708375,0.04300941937646588,0.02735568353314433,0.023639162326865627,1.748794575522129,0.0,0.0,0.0,0,0.0,0.0,0.0,0.0,0.0,0.0,0.0,0.0,0.0,0.0,0.0750450440169753,-0.0323875674709289,-0.0103571442156635,-0.0069265886550873,2.682844509918124,0.0009091406046781,0.1673738209047014
NHLH1,0,0,0,0,0,0.0,0.0,0.0,0.0,0.0,0.14971602369250747,0.06851039867120462,0.45759925612676466,0,0.48119645044267967,0.4959448228907783,0.397601871481656,481196.4504426797,1.030647237292159,2.6556891238918867,0.0,0.0,0.0,0.0,0.013639983544307196,0.003851834299937824,-0.00434752328596068,-0.022758489962584866,3.1240406661474105,0.0012815604256636811,0.12944473051813032
ZNF138,0,0,0,0,0,0.0,0.0,0.0,0.0,0.0,0.0,0.0,0.0,0,0.0,0.0,0.0,0.0,0.0,0.0,0.0,0.0,0.0,0.0,0.0069120864783152,0.0400970001634665,0.0266459509030402,0.0529289325007433,2.6781061689018206,0.0008887641442096,0.1735930566873471
NR4A2,0,0,0,0,0,0.0,0.0,0.0,0.0,0.0,1.220377469733553,0.09341453293650152,0.0765455432501172,0,0.9625169688251138,0.8474953276327148,0.912737504194837,962516.9688251138,0.8804981881711776,0.7479134767053998,0.0,0.0,0.0,0.0,0.037344681935428864,-0.00814815244888717,-0.005388864664789447,-0.012915926247920213,3.113346308563785,0.0012637571574610057,0.13865477338403276
REXO4,0,0,0,0,0,0.0,0.0,0.0,0.0,0.0,0.0,0.0,0.0,0,0.0,0.0,0.0,0.0,0.0,0.0,0.0,0.0,0.0,0.0,0.025562719606939,0.0311792639813608,0.014547249031235,0.0210504558212397,2.6669320416563203,0.0008929295496766,0.1490816720290745
TSHZ2,0,0,0,0,0,0.0,0.0,0.0,0.0,0.0,0.014194257314340153,0.010786698436172425,0.7598804443844511,0,0.00525131633067455,0.0051193874302217,0.00255969371511085,5251.31633067455,0.9746913757504437,0.18032034632616548,0.0,0.0,0.0,0.0,0.030729680681155294,-0.005351579093372216,0.00037958325744414365,0.006344352341432453,3.0107980595757358,0.0011735349488520787,0.1420053820262522
ZNF283,0,0,0,0,0,0.0,0.0,0.0,0.0,0.0,0.0,0.0,0.0,0,0.0,0.0,0.0,0.0,0.0,0.0,0.0,0.0,0.0,0.0,0.0247111326932381,-0.0146509221829435,-0.0037137364399516,0.0010948017192441,2.644241751015352,0.0008708726291104,0.054230803545672
ZNF334,0,0,0,0,0,0.0,0.0,0.0,0.0,0.0,0.0,0.0,0.0,0,0.0,0.0,0.0,0.0,0.0,0.0,0.0,0.0,0.0,0.0,-0.0242772887860633,0.0287597187771748,0.0068558492358145,-0.0033397880811992,2.6407475318847697,0.0008500451275215,0.0677150748713633
NRIP1,1,0,0,1,0,0.022392130215136113,0.08507016844760909,0.03979404819264771,0.0359624726924664,2.600244654225071,0.0,0.0,0.0,0,0.0,0.0,0.0,0.0,0.0,0.0,0.0,0.0,0.0,0.0,0.0055911843587042,0.049533483788392,-0.0010621554270104,-0.0472734966490542,2.632476030990296,0.0008746685704758,0.158584988370257
ZNF26,0,0,0,0,0,0.0,0.0,0.0,0.0,0.0,0.0,0.0,0.0,0,0.0,0.0,0.0,0.0,0.0,0.0,0.0,0.0,0.0,0.0,0.0610010385481473,0.0107776028444928,-0.0122374843299304,-0.0565161919382611,2.632033801761126,0.0008687346975703,0.2123109590534717
ZNF146,0,0,0,0,0,0.0,0.0,0.0,0.0,0.0,0.0,0.0,0.0,0,0.0,0.0,0.0,0.0,0.0,0.0,0.0,0.0,0.0,0.0,0.0508667749098852,-0.0233011618808992,-0.0227156987340971,-0.069951798739121,2.621516721742598,0.0008680117906227,0.1944010472929885
PIAS4,0,0,0,0,0,0.0,0.0,0.0,0.0,0.0,0.0,0.0,0.0,0,0.0,0.0,0.0,0.0,0.0,0.0,0.0,0.0,0.0,0.0,0.0594698661901418,-0.0001457229774288,-0.0144042376667305,-0.0558051328785321,2.6184965298271248,0.0008662881593759,0.1891491029255463
ZNF480,0,0,0,0,0,0.0,0.0,0.0,0.0,0.0,0.0,0.0,0.0,0,0.0,0.0,0.0,0.0,0.0,0.0,0.0,0.0,0.0,0.0,-0.0042938975736218,0.0478522750205691,0.0246348013723086,0.0381020422663078,2.6063986051020582,0.0008562550501557,0.1584413936797545
PBX3,0,0,0,0,0,0.0,0.0,0.0,0.0,0.0,1.8525597624796488,0.060935856159913225,0.032892770587643616,0,1.8353878941887194,1.93348981846043,1.844088456370215,1835387.8941887196,1.0534496664888415,0.99542670541176,0.0,0.0,0.0,0.0,0.01660366864820682,0.0026022677731140443,-0.005136553504117781,-0.023703849602470534,3.1320570708875732,0.0012617119345805859,0.14370402105711255
RUNX1,0,0,0,0,0,0.0,0.0,0.0,0.0,0.0,0.0,0.0,0.0,0,0.0,0.0,0.0,0.0,0.0,0.0,0.0,0.0,0.0,0.0,-0.0049695732492974,0.0160955182638122,-0.0142165499790428,-0.0679287673043248,2.5788417860927035,0.0008357343788698,0.1143363538109921
NCOR2,0,0,0,0,0,0.0,0.0,0.0,0.0,0.0,0.0,0.0,0.0,0,0.0,0.0,0.0,0.0,0.0,0.0,0.0,0.0,0.0,0.0,0.0489166110716693,0.002540037317027,0.0076799583305089,0.0268749916785385,2.5721704472337974,0.0007988562027727,0.1374682467864403
EBF2,1,0,0,0,1,0.13039652821380684,-0.05844544248569088,0.01244805836138024,0.011399683334280404,1.0,2.4167953563274214,0.06835018430630284,0.028281317177326515,0,2.3142497884133597,2.293359290278616,2.3205278864138323,2314249.78841336,0.990972673212713,0.9601669087006242,3.0,0.9912632896975656,1.0,1.0,0.03384897626488478,-0.007255365324259591,-0.00597211546690533,-0.016164245498309596,3.1754621001055967,0.0013152214970802323,0.14003699355888546
DEDD2,0,0,0,0,0,0.0,0.0,0.0,0.0,0.0,0.0,0.0,0.0,0,0.0,0.0,0.0,0.0,0.0,0.0,0.0,0.0,0.0,0.0,0.0140875740267338,0.0629046664678102,0.0273220379651245,0.0319389575633999,2.553292056987147,0.0008107544930259,0.2132454765176127
ZNF419,0,0,0,0,0,0.0,0.0,0.0,0.0,0.0,0.0,0.0,0.0,0,0.0,0.0,0.0,0.0,0.0,0.0,0.0,0.0,0.0,0.0,0.0008323190303566,-0.0079118104422251,-0.0082668233514109,-0.0245060342264193,2.534300458611179,0.0008070748328463,0.0485964784622806
TFAP2A,0,0,0,0,0,0.0,0.0,0.0,0.0,0.0,0.0,0.0,0.0,0,0.0,0.0,0.0,0.0,0.0,0.0,0.0,0.0,0.0,0.0,-0.0123458519670396,0.0062228407082078,0.0266978400207131,0.094805885156355,2.5253071318183298,0.0007948726445125,0.1461954291111475
AATF,0,0,0,0,0,0.0,0.0,0.0,0.0,0.0,0.0,0.0,0.0,0,0.0,0.0,0.0,0.0,0.0,0.0,0.0,0.0,0.0,0.0,-0.0052393296977611,0.0105077061170648,0.009888115522961,0.0262398694175033,2.5170887307051277,0.0008002441619613,0.0571433971745941
CIC,0,0,0,0,0,0.0,0.0,0.0,0.0,0.0,0.0,0.0,0.0,0,0.0,0.0,0.0,0.0,0.0,0.0,0.0,0.0,0.0,0.0,-0.0141833324630566,0.0066514150697091,0.0067447522322593,0.0186901096371326,2.5145466691281517,0.0007796532318035,0.0538015267955055
KLF4,0,0,0,0,0,0.0,0.0,0.0,0.0,0.0,0.8420183077476053,0.09148299706722945,0.10864714885451464,0,0.573481906749842,0.5811214718510695,0.6226709113457658,573481.906749842,1.0133196037952,0.7394971892169614,0.0,0.0,0.0,0.0,0.025851079321913537,-0.002875503081624934,-0.0003773443052374038,-7.106582664993138e-05,3.016704307472757,0.0011746164345197857,0.1331689340728742
SMARCA4,1,0,0,0,1,-0.01989316388171124,0.10234658140665923,0.05161831293629203,0.04494247071375913,4.004816442035552,0.0,0.0,0.0,0,0.0,0.0,0.0,0.0,0.0,0.0,0.0,0.0,0.0,0.0,0.0587187654390412,-0.0365741094058154,-0.0252045484670413,-0.0691008254384083,2.5021919954199268,0.0007873772821623,0.211742904783532
CHAF1A,0,0,0,0,0,0.0,0.0,0.0,0.0,0.0,0.0,0.0,0.0,0,0.0,0.0,0.0,0.0,0.0,0.0,0.0,0.0,0.0,0.0,0.0177166021347195,-0.0258984541258434,-0.005211591783437,0.0078706345820335,2.4946627819511917,0.0007860784168581,0.0648791346171577
AFF1,0,0,0,0,0,0.0,0.0,0.0,0.0,0.0,0.0,0.0,0.0,0,0.0,0.0,0.0,0.0,0.0,0.0,0.0,0.0,0.0,0.0,0.0520222011337812,-0.0039299419790391,0.0079387575023515,0.0355103861348286,2.4020997967366817,0.0007266914197309,0.1474935459047424
TCERG1,0,0,0,0,0,0.0,0.0,0.0,0.0,0.0,0.0,0.0,0.0,0,0.0,0.0,0.0,0.0,0.0,0.0,0.0,0.0,0.0,0.0,0.0298056225072065,0.0153440658768458,-0.0064083913531272,-0.0387557586792614,2.35655407205438,0.0006611421011024,0.1354635268004936
HIF3A,0,0,0,0,0,0.0,0.0,0.0,0.0,0.0,0.37217882826194715,0.08064948315071954,0.21669493354152694,0,0.5647428002814048,0.7094600820689296,0.5697241878317254,564742.8002814048,1.2562512093367195,1.530776642281491,0.0,0.0,0.0,0.0,0.0285799406654378,-0.01388221354433934,-0.009466981822715246,-0.027708056494083835,3.391002824112657,0.0015864771287962046,0.1693499578688639
FOXP2,0,0,0,0,0,0.0,0.0,0.0,0.0,0.0,0.6163233254682547,0.1328881276582713,0.21561395870154731,0,0.3976062978872291,0.4484474645119591,0.5023123024804724,397606.2978872291,1.1278652753480132,0.8150129432240707,0.0,0.0,0.0,0.0,0.02734844442599712,-0.004015028893352313,-0.001676848793406891,-0.004408651607939284,3.031334631157001,0.001197798737613741,0.13071597295283244
ZNF331,0,0,0,0,0,0.0,0.0,0.0,0.0,0.0,0.0,0.0,0.0,0,0.0,0.0,0.0,0.0,0.0,0.0,0.0,0.0,0.0,0.0,-0.0023104014724786,0.0267605951053597,0.0196760611194506,0.0436384649525625,2.1953200459841367,0.0006088202819134,0.1168357162827327
