perturbation,pre-adipo_signature_mean,pre-adipo_signature_std,pre-adipo_signature_median,pre-adipo_n_genes,adipo_signature_mean,adipo_signature_std,adipo_signature_median,adipo_n_genes,lipo_signature_mean,lipo_signature_std,lipo_signature_median,lipo_n_genes,thermo_signature_mean,thermo_signature_std,thermo_signature_median,thermo_n_genes,is_signature_gene,is_pre-adipo_gene,is_adipo_gene,is_lipo_gene,is_thermo_gene,gene_mean_expr,gene_std_expr,gene_cv_expr,gene_max_expr,pre-adipo_max_corr,pre-adipo_mean_corr,adipo_max_corr,adipo_mean_corr,lipo_max_corr,lipo_mean_corr,thermo_max_corr,thermo_mean_corr,euclidean,cosine,cell_count,pre_adipo,adipo,other,lipo,lipo_adipo,total_shift,cluster
AATF,2.297744482559141,0.8532962674793297,2.472284140983105,32,1.9701853684773216,0.70004971051251,2.1839041566489064,42,1.3741037934355125,0.935252081638437,1.3738407054262078,81,1.4066951224895217,0.9449176602041086,1.4515754589672498,81,0,0,0,0,0,0.0,0.0,0.0,0.0,0.0,0.0,0.0,0.0,0.0,0.0,0.0,0.0,2.5170887307051277,0.0008002441619613,300.0,-0.0052393296977611,0.0105077061170648,-0.0052683764193036,0.009888115522961,0.0262398694175033,0.0571433971745941,6.0
ABT1,2.2441956901111295,0.8415734187361807,2.458051962637252,32,2.0045896271207906,0.6949759326221738,2.1031899838977317,42,1.4219858784959167,0.9441006496637243,1.4642353922445728,81,1.4086370550989902,0.9421569365446625,1.3481431829222408,81,0,0,0,0,0,0.0,0.0,0.0,0.0,0.0,0.0,0.0,0.0,0.0,0.0,0.0,0.0,3.550813311726608,0.0015850223654253,300.0,-0.0209699486246728,0.0740440918373859,-0.0530741432127129,0.0480957623332694,0.0843884714003483,0.2805724174083896,5.0
AFF1,2.3263474819465064,0.8514674513730431,2.5167906198992993,32,1.9490882840705688,0.6934614895930427,2.1216381860528353,42,1.351183939360304,0.9364721343224989,1.2629013210484634,81,1.3906000047240332,0.9478945274133016,1.4021856613228174,81,0,0,0,0,0,0.0,0.0,0.0,0.0,0.0,0.0,0.0,0.0,0.0,0.0,0.0,0.0,2.4020997967366817,0.0007266914197309,300.0,0.0520222011337812,-0.0039299419790391,-0.0480922591547419,0.0079387575023515,0.0355103861348286,0.1474935459047424,1.0
ANKRA2,2.2336996901336623,0.8444017400603799,2.4151283114657165,32,2.010100957205693,0.700369652785513,2.1633887508569902,42,1.4066092488819657,0.9561216881424431,1.4510082968075486,81,1.4148547780201621,0.9525382332223971,1.4116676234162344,81,0,0,0,0,0,0.0,0.0,0.0,0.0,0.0,0.0,0.0,0.0,0.0,0.0,0.0,0.0,3.3056117836372345,0.0013598270144172,300.0,-0.0787848268590716,0.055558415603422,0.0232264112556496,0.0298445120614713,0.0471175289919714,0.2345316947715861,5.0
BCL6,2.2728085593172436,0.8825731996968291,2.465437604995021,32,1.9831760525292144,0.6942076607612289,2.1351127121635516,42,1.3940265226501543,0.9464527726625772,1.4129540414100816,81,1.4252266567923964,0.9476040526646589,1.553527413124287,81,0,0,0,0,0,0.0,0.0,0.0,0.0,0.0,0.0,0.0,0.0,0.0,0.0,0.0,0.0,3.196240231021516,0.0012898143896393,300.0,-0.0019522429418908,-0.0018279395451417,0.0037801824870326,-0.0012575031459502,-0.002975754590118,0.0117936227101334,6.0
BDP1,2.275663045678589,0.8622063679711164,2.438834626827137,32,1.9395863394129658,0.6890191980847122,2.0881795333109086,42,1.3544598739949816,0.9313693930291617,1.29858967836383,81,1.3867186820193218,0.9334998136601436,1.511962713629594,81,0,0,0,0,0,0.0,0.0,0.0,0.0,0.0,0.0,0.0,0.0,0.0,0.0,0.0,0.0,3.024450433979163,0.0011257410479507,300.0,-0.0135950243134406,0.0053896489067167,0.0082053754067238,0.0172336672681771,0.0599737466085518,0.1043974625036103,6.0
BRCA1,2.2614842315123695,0.868141765974452,2.446359949072999,32,2.0202474181581036,0.6854659708861013,2.230142742501532,42,1.4157974791948953,0.9576784782754358,1.4394838858160095,81,1.4263982860341233,0.961069500996979,1.4845834770002686,81,0,0,0,0,0,0.0,0.0,0.0,0.0,0.0,0.0,0.0,0.0,0.0,0.0,0.0,0.0,3.699987851566581,0.0017104294670512,300.0,-0.0349901400345701,0.0617746007076006,-0.0267844606730304,0.026212008831869,0.0295371196352464,0.1792983298823166,5.0
BTAF1,2.35020913822493,0.8464475953354932,2.482988745212473,32,1.911741910799764,0.6991803469496306,2.0474498631304643,42,1.3370360789082096,0.927516816655912,1.3274258836231707,81,1.3745375551566357,0.9374429581824472,1.437566055142231,81,0,0,0,0,0,0.0,0.0,0.0,0.0,0.0,0.0,0.0,0.0,0.0,0.0,0.0,0.0,2.857369637868303,0.0010159790947806,300.0,0.0563834464370555,-0.0291580686564413,-0.0272253777806141,-0.0174906574198169,-0.0419027412782988,0.1721602915722267,1.0
BTG2,2.2773608802268943,0.8608137288864343,2.5046431161970957,32,1.9980723751875602,0.6941033896151867,2.114269964888999,42,1.395138958457871,0.9534096089242375,1.377527153278589,81,1.429527700290864,0.9555625022781601,1.462918198026384,81,0,0,0,0,0,0.5755706180453406,0.12844761370070618,0.22316568923306496,1.1587855479868483,0.3685558034850576,-0.44243693651571625,0.7139724755259187,0.44797994780582395,0.7883620745250287,0.3981256171429267,0.7826482310301686,0.1783888176630403,2.915431347191741,0.0010626065755302,300.0,-0.0043161420403107,0.0181670342242172,-0.0138508921839063,0.0096012493017193,0.0169247429223197,0.0628600606724735,6.0
CBFB,2.3278226389598773,0.8486352197430239,2.4976771696284827,32,1.9406171628942626,0.7241196671973837,2.087796748989069,42,1.357804145580906,0.9379478122555488,1.3263180234322969,81,1.3933363506051055,0.9448179846957019,1.4385100001322615,81,0,0,0,0,0,0.0,0.0,0.0,0.0,0.0,0.0,0.0,0.0,0.0,0.0,0.0,0.0,2.9452638239693023,0.0010883135700048,300.0,0.0502106069308826,-0.0160565317453806,-0.0341540751855021,-0.0223407456032384,-0.0744493724164793,0.1972113318814831,6.0
CEBPA,2.4052620158379208,0.8900088852261153,2.653389592833997,32,1.807554381056622,0.7183098194640608,1.8746369849371294,42,1.227447094262485,0.9053806910962586,1.2494449601186777,81,1.3143181479781207,0.9538501238430679,1.232710551766093,81,1,0,0,0,1,1.8723062643034833,0.14811629919802907,0.07910901224550403,2.329825358938428,0.25506571564922426,-0.44372775083514987,0.7724910035985606,0.4971363221224567,0.7998349047477783,0.40371261592714364,0.7644426100527532,0.1890871233957947,6.0940332773720005,0.0046760451832379,300.0,0.095408347043877,-0.1706887236051752,0.0752803765612983,-0.0551292847477098,-0.1009007636909554,0.4974074956490159,2.0
CEBPB,2.3870762074129988,0.8440375830107704,2.541765304533308,32,1.808980910816636,0.7079679148581698,1.8918267486685034,42,1.2558119571127495,0.910982961997134,1.2548823585229587,81,1.336314122185799,0.9390031146353689,1.3616183729239435,81,1,0,0,0,1,0.0,0.0,0.0,0.0,0.0,0.0,0.0,0.0,0.0,0.0,0.0,0.0,4.9636527728463165,0.0031164069393715,294.0,0.1233398586315629,-0.1214987086161288,-0.001841150015434,-0.0393475483243269,-0.0466324710080286,0.3326597365954812,2.0
CHAF1A,2.3181098286043973,0.8672354000710008,2.4901483117329404,32,1.9278175798903523,0.7092157183002027,2.015860747978827,42,1.3432849075469442,0.9357725648138803,1.3135175264939936,81,1.3921825839198922,0.9473022193142633,1.3209154862980783,81,0,0,0,0,0,0.0,0.0,0.0,0.0,0.0,0.0,0.0,0.0,0.0,0.0,0.0,0.0,2.4946627819511917,0.0007860784168581,300.0,0.0177166021347195,-0.0258984541258434,0.0081818519911239,-0.005211591783437,0.0078706345820335,0.0648791346171577,1.0
CIC,2.2993732836531855,0.8443926824804029,2.4563038219544953,32,1.983247195550275,0.7132763523614979,2.0862521699149266,42,1.3784762757277096,0.9424015280170612,1.4286206036645408,81,1.4106649867078394,0.9494387269433708,1.3892923442134548,81,0,0,0,0,0,0.0,0.0,0.0,0.0,0.0,0.0,0.0,0.0,0.0,0.0,0.0,0.0,2.5145466691281517,0.0007796532318035,300.0,-0.0141833324630566,0.0066514150697091,0.0075319173933476,0.0067447522322593,0.0186901096371326,0.0538015267955055,6.0
CNOT8,2.41333858032732,0.8639151561311239,2.5958869175487136,32,1.886506482120127,0.6903443098900562,1.9726907127436375,42,1.2970336798225488,0.9233064507142692,1.2530182272794252,81,1.3620672842304415,0.9449946024901466,1.295502638613986,81,0,0,0,0,0,0.0,0.0,0.0,0.0,0.0,0.0,0.0,0.0,0.0,0.0,0.0,0.0,4.226132938867776,0.0022157728137573,295.0,0.1081202114506567,-0.0846717744526329,-0.0234484369980236,-0.0428411491544894,-0.1147697259099893,0.3738512979657921,2.0
CREG1,2.3684567673211046,0.8411304338313735,2.506845955597763,32,1.8972148253961232,0.6947834641553232,2.0384010813587947,42,1.3276949187733982,0.924315123301157,1.2509141608565768,81,1.36833251180112,0.9420634758961387,1.3971850516705366,81,0,0,0,0,0,0.0,0.0,0.0,0.0,0.0,0.0,0.0,0.0,0.0,0.0,0.0,0.0,3.1263776019752427,0.0012350002113056,300.0,0.0615882207070204,-0.0490660455139876,-0.0125221751930327,-0.0090741843661975,0.0204029272220599,0.1526535530022982,1.0
DDX5,2.310170158892201,0.8390676995594051,2.432241253107985,32,1.9923433201109364,0.6995805163149312,2.085225958462129,42,1.3808726663985134,0.9451906869360129,1.360221979261612,81,1.420701440044174,0.9496479401898883,1.4756602969269157,81,0,0,0,0,0,0.0,0.0,0.0,0.0,0.0,0.0,0.0,0.0,0.0,0.0,0.0,0.0,2.7558800644432964,0.0009502013132416,300.0,0.001543940264216,0.0176468696151637,-0.0191908098793796,0.005240206777714,0.0016233429454597,0.0452451694819331,6.0
DEDD2,2.316226341040835,0.8314039540887194,2.454227813470828,32,1.9479070226353337,0.6959913636736168,2.0786216460822624,42,1.3822585841826556,0.9296318065024561,1.334998737271618,81,1.3996521697998616,0.9400398443495339,1.4459024143271444,81,0,0,0,0,0,0.0,0.0,0.0,0.0,0.0,0.0,0.0,0.0,0.0,0.0,0.0,0.0,2.553292056987147,0.0008107544930259,300.0,0.0140875740267338,0.0629046664678102,-0.0769922404945441,0.0273220379651245,0.0319389575633999,0.2132454765176127,6.0
DEK,2.2312180848382774,0.8508736855370852,2.3893887556401663,32,2.0200070320802905,0.6697533261897023,2.145961677106611,42,1.4404449239696637,0.9494279771101767,1.4345168734513538,81,1.4272546541727167,0.9494917414563756,1.4629473461606175,81,0,0,0,0,0,0.0,0.0,0.0,0.0,0.0,0.0,0.0,0.0,0.0,0.0,0.0,0.0,4.1564860712030764,0.0021642560898824,300.0,-0.0073347607864048,0.0729148734356029,-0.0655801126491981,0.0408329479429479,0.0636276445989079,0.2502903394130619,5.0
EBF2,2.304863390679715,0.8748051211156136,2.526130463211334,32,1.9930490357673447,0.6973418379481718,2.163965178318392,42,1.3758417691661766,0.9416602187353004,1.3542579741481813,81,1.4159692951474896,0.9464804888434865,1.424399893958414,81,1,0,0,0,1,2.4167953563274214,0.06835018430630284,0.02828132887814718,2.619831608818532,0.47417162167391114,0.2634466374740426,0.3539938863164412,-0.2500528206536126,0.28796868349434424,-0.22845949195356313,0.4205221137351512,-0.09627795829236914,2.556786558171248,0.0007992385356363,300.0,0.0206407144577643,0.0139522459592497,-0.034592960417014,-0.005443664190028,-0.0340087086317908,0.1086382936558471,6.0
EDF1,2.2523757599134733,0.8387886538714633,2.4060109861314825,32,1.9978984595650529,0.6852202107303524,2.194346731226935,42,1.4100794072403715,0.9430625078491588,1.4300208276515398,81,1.410911308650569,0.9539951339825601,1.3853766723897771,81,0,0,0,0,0,0.0,0.0,0.0,0.0,0.0,0.0,0.0,0.0,0.0,0.0,0.0,0.0,3.8420000650982793,0.0018069638146964,300.0,-0.0536265342524799,0.0956981877170969,-0.0420716534646168,0.0583354616107544,0.0915516085939615,0.3412834456389097,5.0
EEF1A1,2.3372047177944224,0.8604361705896003,2.515061529594695,32,1.9068776128777951,0.7055532523393591,2.0154518132179002,42,1.316399812201423,0.9306827476191846,1.266579044719615,81,1.3737389247729956,0.9410248661819103,1.3493613955329464,81,0,0,0,0,0,3.7659607706915352,0.012142983640097643,0.0032244052392360455,3.795313348104457,0.3903406379383731,0.10290097670609177,0.06341334433968347,-0.20724198799742774,0.257084263068966,-0.17568155083011397,0.25153809443964353,-0.1207363847345132,2.948772534348365,0.0010944225436431,300.0,0.0212990423050323,0.0103040124723065,-0.0316030547773388,0.0014687782062853,-0.0049658043413619,0.0696406921023249,1.0
EP300,2.3206181222729194,0.8541549661435306,2.4479091340245427,32,1.9095777362069353,0.7032615317484707,2.046061530254928,42,1.3506137474089945,0.922299718278975,1.3693386906095049,81,1.380059603615444,0.9421756686964794,1.4515824945071027,81,0,0,0,0,0,0.0,0.0,0.0,0.0,0.0,0.0,0.0,0.0,0.0,0.0,0.0,0.0,3.192089300859461,0.0012857085679126,273.0,0.0474633541836299,-0.0121318849635908,-0.0353314692200389,0.0069632837007908,0.0418003648128669,0.1436903568809176,1.0
EP400,2.170702628475677,0.8727177013256815,2.3842674388762513,32,2.0539955380630563,0.7172129940023733,2.3187128766594776,42,1.5004223125489058,0.9775354956642408,1.6030696559338826,81,1.432901301411374,0.9722416671629587,1.428047672945931,81,0,0,0,0,0,0.0,0.0,0.0,0.0,0.0,0.0,0.0,0.0,0.0,0.0,0.0,0.0,6.968397803028774,0.0060973439097369,300.0,-0.0845116152913396,0.1743913140596081,-0.0898796987682685,0.1369846512221584,0.207467207448563,0.6932344867899376,4.0
ETV1,2.353310826894589,0.8565886035252513,2.5271287248125613,32,1.8816050279637089,0.7169400404158611,1.9730786483065756,42,1.295327172965008,0.9304860846931955,1.262936940559677,81,1.3546572357338464,0.9450805548120729,1.394034530684901,81,0,0,0,0,0,0.6028440317469492,0.07331714556349785,0.12161876321288968,0.927384567051964,0.32250325676181146,0.13874027002102385,0.11370935496769033,-0.1055910968945755,0.24344455766080664,-0.09793149091839605,0.2851569049799435,-0.04162694024779333,3.60189688690299,0.0016309992326537,300.0,0.133543940264216,-0.0963809692126752,-0.0371629710515408,-0.0351612584237512,-0.0557233800989376,0.3579725190511208,1.0
EWSR1,2.3709345196771006,0.8288781663210616,2.511127292318731,32,1.8754705426361515,0.691696232296243,2.0154898051009926,42,1.2962626075952175,0.9152317632191768,1.177372728767854,81,1.3540234013572776,0.9376044672101261,1.3624997664056115,81,0,0,0,0,0,0.0,0.0,0.0,0.0,0.0,0.0,0.0,0.0,0.0,0.0,0.0,0.0,4.086532944413755,0.0021109664836206,300.0,0.0653057268647123,-0.0788930807570447,0.0135873538923325,-0.0178506120808468,0.0200341956586381,0.1956709692535745,2.0
FAM136A,2.0814221098570305,0.8489410519860433,2.179481328135884,32,2.1496914760347914,0.6588469599434387,2.3956642961396573,42,1.5424313102577725,0.9812118481319246,1.59100181396454,81,1.459462620097656,0.9688125965569284,1.3357330675355286,81,0,0,0,0,0,0.0,0.0,0.0,0.0,0.0,0.0,0.0,0.0,0.0,0.0,0.0,0.0,8.606647419628487,0.0093905865567754,294.0,-0.1215581005521105,0.239045509070946,-0.1174874085188353,0.1205163972539044,0.1119291728275879,0.7105365882233843,4.0
FASN,2.315130846192132,0.886503255384211,2.494107458275006,32,1.9123992717672795,0.7102093725467171,2.050053857443741,42,1.3137512003042404,0.9214201761796137,1.256985268970677,81,1.3656808241147895,0.934086617079945,1.4734465113915205,81,1,0,0,1,0,2.186056207725117,0.11129384610024878,0.05091078889091045,2.5516929454023995,0.2867046729695219,-0.47066697514542577,0.7258515948459326,0.4664129739809146,0.7551366550154132,0.3972156523436652,0.7484232113606171,0.17779119424283066,3.576601624858623,0.0015756124993354,300.0,-0.0043507965778892,-0.0070268145953625,0.0113776111732519,-0.0278545300643913,-0.1035652441172722,0.1541749965281673,1.0
FLI1,2.2528986281980368,0.8489444798951284,2.4487929271977524,32,2.04891761149581,0.6926966987851273,2.231965780365858,42,1.4238590808760867,0.9642503422338076,1.4691167981746989,81,1.4265053612385363,0.9551417471112117,1.4004027434906725,81,0,0,0,0,0,0.0,0.0,0.0,0.0,0.0,0.0,0.0,0.0,0.0,0.0,0.0,0.0,3.8654124385333217,0.0018884146332951,300.0,-0.047128328643347,0.0659762813798696,-0.0188479527365225,0.0406844644807952,0.0703588709833133,0.2429958982238478,5.0
FOS,2.252611725462589,0.8553133780842086,2.4409609150436333,32,2.0312568406605434,0.6880248749976324,2.2121528069604093,42,1.4262469550240984,0.9500084150358159,1.4854966416963022,81,1.4343129595497124,0.9583601982054074,1.3986241683016198,81,0,0,0,0,0,0.0,0.0,0.0,0.0,0.0,0.0,0.0,0.0,0.0,0.0,0.0,0.0,3.2454364264538813,0.0013281554070369,300.0,-0.0302423912361767,0.0692339866615109,-0.038991595425334,0.0250912672647524,0.019232913607356,0.1827921541951302,5.0
FOXP1,2.298704431076565,0.8338308777322158,2.441632942670183,32,1.989731156187377,0.6817985622530626,2.1748965143153924,42,1.404297904784677,0.9488275461066463,1.4123581732203971,81,1.4319535911368153,0.9494144452619948,1.5411390749114626,81,0,0,0,0,0,0.0,0.0,0.0,0.0,0.0,0.0,0.0,0.0,0.0,0.0,0.0,0.0,2.9400671207709133,0.0010845812636539,300.0,0.0154167924978929,0.0379795156632736,-0.0533963081611665,0.0065006878773702,-0.0129115407754704,0.1262048449751737,6.0
FOXP2,2.3382028656573635,0.8356770518137744,2.5151164141267115,32,1.9497219090791622,0.6985631084057958,2.0126365231765773,42,1.36249083914073,0.9361247451448024,1.3767308584167623,81,1.4005412865058249,0.9486296679967764,1.3789749363892176,81,0,0,0,0,0,0.6163233254682547,0.1328881276582713,0.21561430850560043,1.0202914783198456,0.1871315989733139,0.05195441984496524,0.11784318530652256,-0.06628500673463333,0.30057654357611796,-0.04680246674509063,0.4029936412531762,-0.012355339895379543,2.2389919076529248,0.0006186558564664,300.0,0.0158190725393482,-0.006230379062085,-0.0095886934772632,0.0054370321745392,0.0283675289919714,0.0654427062452072,6.0
GRB14,2.313614423969696,0.877719947735364,2.433913422098822,32,1.959488179389652,0.7086344560989432,2.0730854107085217,42,1.3493790398095864,0.9538722989459703,1.340699118548023,81,1.3806702768522008,0.9495767698275694,1.4128594350120252,81,0,0,0,0,0,1.4278114461179978,0.1028095712670044,0.07200500566046553,1.6791087451192348,0.22908900955746736,-0.12360035824379925,0.35336188105403005,0.17663042309957738,0.3940230359469116,0.15625893006363806,0.37122570326708026,0.08058356809184877,3.384354384709753,0.0014286954684331,300.0,-0.0351187343864826,0.0039239155233473,0.0311948188631353,-0.0160675776534238,-0.0655256007790209,0.1518306472054099,6.0
HAND2,2.2396548314005136,0.8516691047893332,2.4371109968578146,32,2.0491506427380473,0.6668103836333592,2.1793691867061185,42,1.4418089682079065,0.9526960974786776,1.4634353475638238,81,1.4397990364873399,0.9565072345590753,1.4718658891974583,81,0,0,0,0,0,1.6888726052707537,0.07753552694874055,0.045909636228435,1.8523994349878656,0.5537333453715289,0.32883298293585794,0.40336768518399096,-0.3357079595197252,0.3033689749906489,-0.3027368236280495,0.4636403503114883,-0.13500189422972833,3.713798762275964,0.00172143100839,300.0,-0.0167961957902058,0.0519706791389731,-0.0351744833487673,0.0382034720838364,0.0778180784425209,0.2199629088043037,5.0
HAX1,2.3595805416829108,0.8334972893673169,2.5176901308087807,32,1.9131269269376556,0.6971319873871664,2.0183994792737385,42,1.3324645326601414,0.9225255720051639,1.2791458315547115,81,1.3800625113292173,0.9441634248049259,1.4590503362258365,81,0,0,0,0,0,0.0,0.0,0.0,0.0,0.0,0.0,0.0,0.0,0.0,0.0,0.0,0.0,3.0265192960924385,0.001153562003565,300.0,0.0608644306319918,-0.0351363177753792,-0.0257281128566125,-0.0121664482135295,-0.0117899513229892,0.1456852608005022,1.0
HDAC2,2.3231071895539244,0.8265370016471606,2.515767305183835,32,1.986911441509266,0.6866270694713184,2.0392428266150207,42,1.3795604152057577,0.9336183888548313,1.3472862657702196,81,1.406088990555605,0.9515372279772554,1.34526963788327,81,0,0,0,0,0,0.0,0.0,0.0,0.0,0.0,0.0,0.0,0.0,0.0,0.0,0.0,0.0,2.8277155002096555,0.0009815066829041,300.0,0.0132119900567471,0.0246045459637114,-0.0378165360204584,0.0130277586449338,0.0224851760507949,0.1111460067366458,6.0
HIF1A,2.3208504911197245,0.8854850884429243,2.5572913000074644,32,1.9474918574940445,0.7150849141845514,2.0751962391247947,42,1.3374539536344165,0.949103139487015,1.23782184351072,81,1.3945155273255472,0.9585844323862238,1.3881761676732824,81,0,0,0,0,0,0.0,0.0,0.0,0.0,0.0,0.0,0.0,0.0,0.0,0.0,0.0,0.0,3.087478345855817,0.0011805014729966,300.0,-0.0614836840451762,-0.0199840696113556,0.0814677536565319,-0.0091863125593026,-0.0158185175196564,0.1879403373920229,1.0
HIF3A,2.3151104118972574,0.8549186560067036,2.484526057741685,32,1.9362618821561492,0.6952220476662225,2.0887069434119407,42,1.3452876703227854,0.9338514490458685,1.2518096931623808,81,1.3935797123772955,0.946316698013786,1.3921912687286773,81,0,0,0,0,0,0.37217882826194715,0.08064948315071954,0.21669551571667375,0.7275992319108141,0.053198075608466296,-0.13615944751131806,0.4212186093304614,0.18389126684195753,0.371315989733139,0.13211812274973495,0.4298022726393314,0.08192727901150339,2.3494666273282774,0.0006906999887021,300.0,0.0652899720102477,-0.0337436065753125,-0.0315463654349352,-0.004880428142921,0.019147670835943,0.1546080429993595,1.0
HMBOX1,2.2650532723012353,0.8185748085258855,2.4441351307823433,32,2.009037693479577,0.6957322710993559,2.19752463964844,42,1.412482812875417,0.9382833834948757,1.437056750495941,81,1.4184929661882422,0.9388679419919447,1.3948467433498066,81,0,0,0,0,0,0.0,0.0,0.0,0.0,0.0,0.0,0.0,0.0,0.0,0.0,0.0,0.0,3.454123912138788,0.0015066675385176,300.0,-0.0529096366003197,0.0468608726593037,0.0060487639410161,0.0183202676605146,0.0183675289919714,0.1425070698531256,5.0
HMGA1,2.2932036611173476,0.8461431521706194,2.4676929320767265,32,2.019450683894673,0.6986998140210238,2.2178144412228598,42,1.4059563211541328,0.954046832180594,1.3839379773740177,81,1.4209943632961177,0.954212616519904,1.4721756876696954,81,0,0,0,0,0,0.0,0.0,0.0,0.0,0.0,0.0,0.0,0.0,0.0,0.0,0.0,0.0,3.441682099453669,0.001496127422368,300.0,-0.0347977682784975,0.0875054960808253,-0.0527077278023276,0.0221675099602935,-0.0046421797458925,0.2018206818678366,5.0
HMGN3,2.3412115582736583,0.8453116893081781,2.5078128746465875,32,1.933989461474542,0.6989135142059195,2.0521398956577084,42,1.3630219438932438,0.9292996909231674,1.3597143775690326,81,1.3898640794737762,0.9447995022633126,1.393049884467964,81,0,0,0,0,0,0.0,0.0,0.0,0.0,0.0,0.0,0.0,0.0,0.0,0.0,0.0,0.0,2.783872041388177,0.0009786149760382,300.0,0.0443791547111686,0.0065552217596331,-0.0509343764708017,0.0158189878160887,0.0531538537782962,0.1708415945359885,1.0
IRF4,2.2896424505385533,0.8326833698624879,2.4439309277706176,32,2.0002481706826596,0.6800545858876453,2.1421569545479864,42,1.397664174827781,0.9426147331754691,1.4269865592257331,81,1.4097050011589272,0.9496258145925645,1.424879967258156,81,1,0,0,0,1,0.8161386436440631,0.10508785347110246,0.1287622566050891,1.12243789577242,0.5180701912783274,0.20524209670970325,0.3925526563568122,-0.21538880607511227,0.3722897937599154,-0.22064429221007972,0.45307038474932615,-0.09699000776582598,2.776707073286345,0.0009741950044054,300.0,-0.0195863473838381,0.0410932317133024,-0.0215068843294641,0.0154885993327054,0.0144865091619431,0.1121615719212534,6.0
JARID2,2.3318271551754512,0.8507809504001681,2.5079631424997983,32,1.9448500936713704,0.7084477180901686,2.075600672104426,42,1.360864106550364,0.9354509800473177,1.3762657933853593,81,1.405378647704611,0.9527032134538612,1.4390032184761017,81,0,0,0,0,0,0.0,0.0,0.0,0.0,0.0,0.0,0.0,0.0,0.0,0.0,0.0,0.0,3.029229121675145,0.0011534029253724,300.0,-0.0030022444747397,-0.0045410821920652,0.007543326666805,0.0183936204323324,0.0775738781983206,0.1110541519642632,6.0
KLF15,2.293995744974387,0.857570783954639,2.472927823563091,32,1.9599764412197065,0.7067710266958426,2.063155863445055,42,1.3713079966297643,0.9363724696812475,1.3706870537010676,81,1.4034964826733383,0.9459940862694951,1.5012588773162585,81,0,0,0,0,0,1.3381248267029817,0.11194246287619246,0.08365621848870626,1.6819290426936078,0.20785234293379426,-0.40280984380441376,0.687492744837549,0.43685659376802277,0.687492744837549,0.35286070234620903,0.687492744837549,0.16265934305130625,2.7655623250125543,0.0009647447253476,300.0,-0.0187739405304859,0.0139700484231107,0.0048038921073753,-0.0087015150765906,-0.0460227149104676,0.0922721110480303,6.0
KLF16,2.3779674665813055,0.8135862829760071,2.4972729628389496,32,1.9103712681418148,0.6955020599975424,2.021837551066398,42,1.3386494183857804,0.9310002615528872,1.3554283171975057,81,1.3941132631338176,0.9457507002605124,1.5135269823528712,81,0,0,0,0,0,0.0,0.0,0.0,0.0,0.0,0.0,0.0,0.0,0.0,0.0,0.0,0.0,2.8260081777229105,0.0010023470463246,300.0,0.0484725900995617,0.004795936574549,-0.0532685266741106,-0.0008050182497283,-0.0080341446481959,0.1153762162461458,1.0
KLF4,2.3197469576978884,0.8564595971361506,2.48242085894834,32,1.9413854367898307,0.6985044651077799,2.107244619909088,42,1.3513553362860995,0.930518399714721,1.3094394916506134,81,1.3908126880192364,0.9410499035404856,1.4351931059994112,81,0,0,0,0,0,0.8420183077476053,0.09148299706722945,0.10864727787342449,1.113260396930474,0.5565386748526396,0.35938406895306396,0.40231004372444573,-0.36310606325826045,0.43560640260025024,-0.2954225834566633,0.5450658446298899,-0.1291809927553962,2.504398280782994,0.0007356978680249,300.0,0.0384305022188408,-0.0385304427757612,9.99405569205858e-05,-0.0027695663461952,0.0351404373585053,0.1149708892562232,1.0
KLF5,2.334001082302245,0.8431408931696208,2.4688197254742574,32,1.891342670751536,0.6998643278076554,1.9768627356922552,42,1.3345135850862362,0.9145041683560655,1.3778014446561992,81,1.378637446259157,0.9435152947190883,1.4083151887167789,81,0,0,0,0,0,0.0,0.0,0.0,0.0,0.0,0.0,0.0,0.0,0.0,0.0,0.0,0.0,3.137173007700056,0.0012432498199581,300.0,0.0850943278611152,-0.0249949908499526,-0.0600993370111626,0.003683617630427,0.0450341956586382,0.2189064690112957,1.0
KLF7,2.3008378153406723,0.8447974232523041,2.4745697744519317,32,1.9707367610474373,0.6907586577988468,2.1101362959412766,42,1.3830800991601597,0.9471540005513562,1.4067240852387206,81,1.4033543462578293,0.9520539977544783,1.3701983394445274,81,0,0,0,0,0,1.8980303520156658,0.07374981100771748,0.03885597030917405,2.0848788292129097,0.3935780526499078,0.1884157627271672,0.23792418516464386,-0.12584643561930067,0.25574931317795463,-0.13201149515952704,0.31682810746669077,-0.04005053273772888,2.780723899336214,0.0009766079345825,300.0,-0.0068952180157473,0.0059418375932057,0.0009533804225416,-0.0022562250612613,-0.014688026563584,0.0307346876563401,6.0
MBD3,2.246732870964448,0.8515136561063895,2.4381220301895783,32,2.011859537833414,0.6817515943795858,2.1955849326828094,42,1.4165434076581145,0.9431708668975184,1.427346153547288,81,1.4207039546281854,0.9496768951692358,1.3953382937212466,81,0,0,0,0,0,0.0,0.0,0.0,0.0,0.0,0.0,0.0,0.0,0.0,0.0,0.0,0.0,3.735538561439411,0.0017388672260616,300.0,-0.0152974144594916,0.0561723598112421,-0.0408749453517504,0.0280794224639884,0.0408675289919714,0.1812916710784441,5.0
MEF2A,2.346253942626733,0.8217031545869855,2.4744545411544343,32,1.8868875798284084,0.7016774730993716,1.9944956747088418,42,1.3185988734744598,0.920942330714212,1.20901639441798,81,1.3732705921947044,0.9368148685973977,1.3876131060064352,81,0,0,0,0,0,0.0,0.0,0.0,0.0,0.0,0.0,0.0,0.0,0.0,0.0,0.0,0.0,3.438923764459395,0.0014860362920696,300.0,0.1002106069308826,-0.0454319182636241,-0.0547786886672583,-0.0093537326162254,0.0140818147062571,0.2238567611842478,1.0
MEIS2,2.3251945672061014,0.8864832925608063,2.508886528033977,32,1.9151291455845492,0.7221405860574515,2.1010070336107205,42,1.3254443409746546,0.9400554340658652,1.253925315450996,81,1.3797265152806646,0.9588811203544305,1.3782876256250571,81,0,0,0,0,0,0.0,0.0,0.0,0.0,0.0,0.0,0.0,0.0,0.0,0.0,0.0,0.0,3.515731944819826,0.0015598473701882,300.0,0.0005652168599606,-0.050106321874198,0.0495411050142374,-0.0327257506690946,-0.092145291520849,0.2250836859383397,6.0
MXD1,2.2788865955436606,0.8518451584593264,2.438760021274917,32,2.0199478645384126,0.6895515225848059,2.2124461558300634,42,1.4147186498013475,0.9582748197903971,1.451913396809867,81,1.4306252919887152,0.9631273630004438,1.468559300690064,81,0,0,0,0,0,0.0,0.0,0.0,0.0,0.0,0.0,0.0,0.0,0.0,0.0,0.0,0.0,3.0460839379075435,0.0011617580294623,300.0,-0.0586384701592367,0.074694426618421,-0.0160559564591842,0.0228740829992123,0.0077792936978537,0.1800422299339081,6.0
NAB1,2.2837668091865813,0.8577944473370874,2.4657719686137787,32,1.9847436738802258,0.6774500756056615,2.1596074392181053,42,1.3911454673418613,0.9463255898316077,1.3730988747270445,81,1.4001097734320513,0.9461728744885998,1.3460694174490766,81,0,0,0,0,0,0.0,0.0,0.0,0.0,0.0,0.0,0.0,0.0,0.0,0.0,0.0,0.0,2.8902312530617644,0.0010503801377671,300.0,-0.0174627711451799,0.0562052588769086,-0.0387424877317286,0.023999938321338,0.0278327696336826,0.164243225708838,1.0
NCOR2,2.3539693330107934,0.8388233263167272,2.5079284399965767,32,1.943178367579098,0.6987332788292734,2.050726435651753,42,1.361770391135544,0.9401128706909392,1.370336527405658,81,1.385527813582474,0.9484708402582922,1.3723522012798142,81,0,0,0,0,0,0.0,0.0,0.0,0.0,0.0,0.0,0.0,0.0,0.0,0.0,0.0,0.0,2.5721704472337974,0.0007988562027727,300.0,0.0489166110716693,0.002540037317027,-0.0514566483886964,0.0076799583305089,0.0268749916785385,0.1374682467864403,1.0
NC,2.308255226668313,0.8514443996370673,2.483028929237711,32,1.9488927975688985,0.6977540243722178,2.0435284653407497,42,1.3611812870192352,0.9367507366682309,1.3310085561521607,81,1.39798819485882,0.9452866179559959,1.4587968678770036,81,0,0,0,0,0,0.0,0.0,0.0,0.0,0.0,0.0,0.0,0.0,0.0,0.0,0.0,0.0,0.0,0.0,0.0,0.0,0.0,0.0,0.0,0.0,0.0,0.0
NFE2L1,2.3793653501241456,0.8418224423432356,2.4606667092218273,32,1.8836622806246968,0.6974574863463686,1.9833466669038429,42,1.3017158461098013,0.9221388033014924,1.2795544775382908,81,1.3523651792426703,0.9412718487135577,1.3870618759645483,81,0,0,0,0,0,0.0,0.0,0.0,0.0,0.0,0.0,0.0,0.0,0.0,0.0,0.0,0.0,3.9526109810905914,0.0019693762239038,232.0,0.0818198023331815,-0.0592772683158707,-0.0225425340173107,-0.0354770346015964,-0.0977194275297677,0.2968360667977271,2.0
NFIA,2.306827206012495,0.8258338900728361,2.4399070439512087,32,1.9548947009328865,0.6890243512913071,2.057350311813436,42,1.3840057166767248,0.9287543366496567,1.405579093257102,81,1.400792001408361,0.9374919988216868,1.4876749537161238,81,0,0,0,0,0,0.0,0.0,0.0,0.0,0.0,0.0,0.0,0.0,0.0,0.0,0.0,0.0,2.965558685098437,0.0011024703291481,300.0,0.0381023448226205,0.0045551317234258,-0.0426574765460462,0.0155102922477994,0.0544544855137105,0.1552797308536026,6.0
NFIB,2.183179556010982,0.8841398453352642,2.3823144416628264,32,2.0789734373105433,0.6832161485604699,2.2354239467592194,42,1.4556124106596322,0.9662795669743341,1.4958155584761368,81,1.4414102665522903,0.9577750784418676,1.448933927410713,81,0,0,0,0,0,0.4287184832056121,0.06527790831575721,0.15226287379176004,0.606647049515206,0.07282248390966195,-0.09456761650178638,0.3641575627813391,0.14762773845914784,0.3253601785092415,0.10478567114173667,0.3504017747739614,0.07449344788365156,4.893386220165463,0.0030286376707708,300.0,-0.0617350296928655,0.137296655022889,-0.0755616253300234,0.0645180322426639,0.0689472391368989,0.4080585814253409,5.0
NHLH1,2.3010548178143253,0.8520039194904491,2.454238763796602,32,1.9577940527175592,0.7047216244796516,2.1166017956597107,42,1.3729355098492884,0.940265701867875,1.374448525928088,81,1.4019818412038405,0.9498744607774073,1.374480171431166,81,0,0,0,0,0,0.14971602369250747,0.06851039867120462,0.4576023122692176,0.4959448228907783,0.2863693232384466,-0.4192103400575254,0.6926197263030273,0.42662965535751907,0.7113606170435052,0.380566448338262,0.702996220866492,0.173775320589414,2.6792015400817344,0.0009059003135418,300.0,-0.0061507162243336,0.0493170986227973,-0.0431663823984636,0.0140096724265688,0.0019993697879913,0.1146432394601547,6.0
NKX3-1,2.385532030132415,0.8476348363232763,2.533259348942812,32,1.8687938252811456,0.6955607034664488,1.8912920753867621,42,1.2987733513282662,0.9208361066890569,1.3374960141466603,81,1.3610151522584029,0.9374506929185826,1.358534159507232,81,0,0,0,0,0,0.0,0.0,0.0,0.0,0.0,0.0,0.0,0.0,0.0,0.0,0.0,0.0,3.6517644370134,0.0016810818628277,300.0,0.0990306659279328,-0.0681725994113849,-0.0308580665165478,-0.0204022710983922,-0.0099502280173743,0.2284138309716321,2.0
NMI,2.2439994465428077,0.8757678447280499,2.426689363413508,32,2.0227424844456574,0.700358296181502,2.1993155004160787,42,1.429638892304666,0.9545077899972242,1.474136744282808,81,1.4236451813967643,0.9575228557928772,1.4711479395824694,81,0,0,0,0,0,0.0,0.0,0.0,0.0,0.0,0.0,0.0,0.0,0.0,0.0,0.0,0.0,4.027130038457438,0.0020501464849401,300.0,-0.0743212282751099,0.1019974314129165,-0.0276762031378066,0.0111887710723456,-0.0459380265635841,0.2611216604617628,5.0
NPM1,2.3129742108813915,0.838084091581777,2.4588355769924837,32,1.977849607464567,0.6976231417266963,2.032929490094587,42,1.3880547109947237,0.9449114885836698,1.3691852647994602,81,1.4103646187459644,0.9510924909837718,1.3969664251685194,81,0,0,0,0,0,0.0,0.0,0.0,0.0,0.0,0.0,0.0,0.0,0.0,0.0,0.0,0.0,2.882815746961455,0.0010500332049773,300.0,0.0376535293053119,0.0392505225832002,-0.076904051888512,0.0373461428507733,0.0899059905304329,0.2810602371582304,6.0
NR3C1,2.316887601303576,0.8761817016132359,2.507981148242374,32,1.893769582277567,0.7102970299514939,1.9996165252527838,42,1.3206946670882018,0.9224911195696838,1.2768222230059894,81,1.3714223347364598,0.9409154371645825,1.3729729190018525,81,0,0,0,0,0,0.0,0.0,0.0,0.0,0.0,0.0,0.0,0.0,0.0,0.0,0.0,0.0,3.2889415145664755,0.0013669137409729,300.0,0.0518884592798759,-0.0785822131588855,0.0266937538790095,-0.0140313815891764,0.0408675289919713,0.2120633368989187,1.0
NR4A2,2.3166119774167164,0.8615226187880589,2.4495058855021314,32,1.914662606616011,0.7031441708830335,1.9977067572648095,42,1.3446939647989966,0.9267945541881208,1.3222629782620656,81,1.3833902065117971,0.9420279200601109,1.3660634505969602,81,0,0,0,0,0,1.220377469733553,0.09341453293650152,0.07654560596668694,1.4557732562277168,0.5268344275193149,0.3104997920186764,0.2493776682875237,-0.3164001680433818,0.4162270575640712,-0.2738595430276132,0.5109053152932376,-0.12543460097306525,2.6706210267270536,0.0008871032051447,300.0,0.0585749191985406,-0.0146782852795079,-0.0438966339190327,-0.0055236098269948,-0.0063263485590489,0.128999796783125,1.0
NRIP1,2.3082270870888877,0.8360212300091232,2.473352017043947,32,1.9622002660076598,0.6978272156087989,2.1312254680774068,42,1.372183832030225,0.9446978609037487,1.3804384760635728,81,1.3998338472215583,0.9463490458639118,1.3637246097325286,81,1,0,0,1,0,0.0,0.0,0.0,0.0,0.0,0.0,0.0,0.0,0.0,0.0,0.0,0.0,2.632476030990296,0.0008746685704758,300.0,0.0055911843587042,0.049533483788392,-0.0551246681470962,-0.0010621554270104,-0.0472734966490542,0.158584988370257,6.0
PBX1,2.300731665683996,0.8431064049201765,2.3944950434896386,32,1.9362719562122206,0.6863058820979184,2.042704921885974,42,1.3514107342696366,0.9277419929203564,1.2586699566682424,81,1.379458872358706,0.9459365881387621,1.439615019692283,81,0,0,0,0,0,0.0,0.0,0.0,0.0,0.0,0.0,0.0,0.0,0.0,0.0,0.0,0.0,3.0755368205511275,0.001160002481808,300.0,-0.005212040597028,0.0008200753567905,0.0043919652402376,0.0185569531891972,0.070960121584564,0.0999411559678173,6.0
PBX3,2.3137824542994463,0.8256482044205967,2.4960477425618266,32,1.9927406474300506,0.6910985362847136,2.0915158830068066,42,1.3982861730396094,0.9490749359061651,1.373364798340564,81,1.417912860571207,0.952054473994585,1.3867885754039824,81,0,0,0,0,0,1.8525597624796488,0.060935856159913225,0.03289278834117685,2.045494057307513,0.25954134475242163,0.08486988269208447,0.1658949323496408,-0.02985472477675597,0.2292308882898454,-0.03304053075898561,0.27250390166514044,-0.004643392815487283,2.6042332971521525,0.0008368389965027,300.0,-0.0173124497226088,0.0626049723819621,-0.0452925226593532,0.0038214979503095,-0.0411797961109092,0.1702112388251429,6.0
PDCD11,2.3096426586898793,0.8622682189049808,2.4880788637015376,32,1.94119421675702,0.7026264637316861,2.103445562576198,42,1.3607821487528262,0.9426181780333756,1.29960148646318,81,1.3821534196267875,0.9513356307233564,1.3846547528212858,81,0,0,0,0,0,0.0,0.0,0.0,0.0,0.0,0.0,0.0,0.0,0.0,0.0,0.0,0.0,2.8989564876857354,0.0010618105380978,300.0,0.0171803039005796,-0.0084622212939272,-0.0087180826066524,0.0045856613231684,0.0276376019846721,0.066583871109,6.0
PDLIM4,2.321539657106067,0.8546340074224434,2.502787803184409,32,1.945453771234096,0.7178597498068638,2.0846672450117785,42,1.345282983518818,0.9417348429648046,1.39111947063007,81,1.3784358613847858,0.9597362076857563,1.413414648311296,81,0,0,0,0,0,0.0,0.0,0.0,0.0,0.0,0.0,0.0,0.0,0.0,0.0,0.0,0.0,2.8929761653014667,0.0010550902645312,300.0,-0.0096852264024506,-0.010157297051503,0.0198425234539537,-0.007459793222286,-0.0190008920606601,0.0661457321908535,6.0
PHF3,2.4010694431817785,0.849423618830624,2.544090576722277,32,1.842870615236419,0.7034022110770455,1.94173735827404,42,1.277366981406557,0.90774410690631,1.2978165771305532,81,1.3422386497297678,0.9370152103631485,1.366813318799897,81,0,0,0,0,0,0.0,0.0,0.0,0.0,0.0,0.0,0.0,0.0,0.0,0.0,0.0,0.0,4.739094303724741,0.0028403753161305,300.0,0.0967474034676791,-0.1038734767051826,0.0071260732375034,-0.0180117412742341,0.0663956980060559,0.2921543926906554,2.0
PIAS4,2.333586639016099,0.8602041366213766,2.4948631061408624,32,1.94416927063896,0.7104955744979496,2.0669019913594884,42,1.3553879862064775,0.9389033686929812,1.312113014435677,81,1.39831245996697,0.945119880867513,1.4875761173872413,81,0,0,0,0,0,0.0,0.0,0.0,0.0,0.0,0.0,0.0,0.0,0.0,0.0,0.0,0.0,2.6184965298271248,0.0008662881593759,300.0,0.0594698661901418,-0.0001457229774288,-0.059324143212713,-0.0144042376667305,-0.0558051328785321,0.1891491029255463,1.0
PLAGL1,2.2275209430637526,0.833452188415945,2.383098592804288,32,2.0196540871973845,0.6874574159777445,2.144494750991093,42,1.4312097264814663,0.9446400384917123,1.4440695785007895,81,1.429171910577367,0.9358986344867024,1.4219290174061028,81,0,0,0,0,0,0.0,0.0,0.0,0.0,0.0,0.0,0.0,0.0,0.0,0.0,0.0,0.0,3.848410090832619,0.0018693939702291,300.0,-0.0328647284664341,0.075264207076464,-0.0423994786100297,0.0523312284495405,0.0958093894570876,0.2986690320595562,5.0
PLIN1,2.2949071069967104,0.8786642252799454,2.4534843257493413,32,1.9372531267785524,0.7046939389629349,2.0151641660535935,42,1.3605500322710244,0.940465673969043,1.3494919674837684,81,1.3846394536776412,0.9490939170903351,1.421840908473714,81,1,0,0,0,1,1.665545672175424,0.1932400203320656,0.11602204823844083,2.3554374518748458,0.37328939391985144,-0.49940668893732826,0.8500728740761759,0.5406869510260411,0.8651765100411448,0.4628909060843307,0.8500728740761759,0.21365659454878258,3.95327035874918,0.001928530211821,300.0,0.008543940264216,0.034857583900878,-0.0434015241650939,0.021558063920571,0.0413446282286126,0.1497057404793716,1.0
POLR2B,2.240967770229327,0.8600475503184172,2.4334638089301865,32,2.0095904016055397,0.68077554059886,2.1540530291836952,42,1.4190447125725378,0.942487832915696,1.380987576227502,81,1.4167877157868982,0.9435515348759538,1.4210045621373788,81,0,0,0,0,0,0.0,0.0,0.0,0.0,0.0,0.0,0.0,0.0,0.0,0.0,0.0,0.0,3.3971176868910207,0.0014422341077287,300.0,-0.0249466257735199,0.0801827186717674,-0.0552360928982476,0.0394741690418649,0.0523898753606865,0.2522294817460864,5.0
PPARA,2.266082193157034,0.8561903259585619,2.447091901166121,32,1.987192286205385,0.6935339198040787,2.146436583755772,42,1.4011736836280244,0.9440891224045652,1.4393623958045174,81,1.410529571581651,0.9478937420372526,1.3857806763583722,81,1,0,0,1,0,0.0,0.0,0.0,0.0,0.0,0.0,0.0,0.0,0.0,0.0,0.0,0.0,3.2386746044427275,0.0013159619907058,300.0,-0.0373582198374358,0.0575675811780607,-0.0202093613406249,0.0050084405769516,-0.0337292452015769,0.1538728481346499,5.0
PPARD,2.30959348497595,0.8299207414809119,2.465277128545935,32,1.9598615756603432,0.6893921779808233,2.023223669237339,42,1.3714904104396677,0.9304311073673186,1.3314793491230543,81,1.3860121059444208,0.9388153658006789,1.3429647206843731,81,0,0,0,0,0,0.0,0.0,0.0,0.0,0.0,0.0,0.0,0.0,0.0,0.0,0.0,0.0,2.856269162204882,0.0009844879498823,300.0,0.0181593248796005,0.0373186644869585,-0.0554779893665591,0.0689290956666029,0.1993820217455946,0.3792670961453158,6.0
PWP1,2.343283630440454,0.853989029097103,2.51865402987612,32,1.9157870859068018,0.6801016267241738,2.0085104734945958,42,1.3411974524017143,0.9187998137194292,1.3324776303074015,81,1.3706053673951806,0.9446312327217442,1.3906806808243728,81,0,0,0,0,0,0.0,0.0,0.0,0.0,0.0,0.0,0.0,0.0,0.0,0.0,0.0,0.0,2.932686913494537,0.0010512733709416,300.0,0.0600926128305877,0.0220928873142787,-0.0821855001448663,-0.0027031560541445,-0.0311261418941045,0.1982002982379817,1.0
RB1,2.3464667015530027,0.8458800287131144,2.4927538120136457,32,1.907690046414197,0.7042582312451112,1.9971315135874033,42,1.3386917852350864,0.9254602480729003,1.3346213977489017,81,1.386004046130374,0.9398436239435501,1.376533896896681,81,1,0,0,0,1,0.0,0.0,0.0,0.0,0.0,0.0,0.0,0.0,0.0,0.0,0.0,0.0,2.682844509918124,0.0009091406046781,300.0,0.0750450440169753,-0.0323875674709289,-0.0426574765460462,-0.0103571442156635,-0.0069265886550873,0.1673738209047014,1.0
RBAK,2.324301560100756,0.8083636021286339,2.4676368437581537,32,1.9441473650855545,0.681589357308217,2.0013933816021137,42,1.3968633822006893,0.9266822558687999,1.3884195594049873,81,1.4051042152279745,0.9389558382950309,1.428059212406232,81,0,0,0,0,0,0.0,0.0,0.0,0.0,0.0,0.0,0.0,0.0,0.0,0.0,0.0,0.0,3.207788898659522,0.0013002589619155,300.0,0.0104825781603724,0.047908771166074,-0.0583913493264464,0.0554616497986174,0.1389635554820377,0.311207903933548,6.0
RBBP7,2.385134901075581,0.8084705256836412,2.5274353280266304,32,1.8980848773524017,0.7020283245844071,1.9878994180968528,42,1.3152794170579398,0.9413006589029003,1.3116858481489164,81,1.3669792725414311,0.9508030120724722,1.3285177869500484,81,0,0,0,0,0,0.0,0.0,0.0,0.0,0.0,0.0,0.0,0.0,0.0,0.0,0.0,0.0,3.432655992205927,0.0014852456972431,300.0,0.0876723806311884,-0.0557182679995151,-0.0319541126316731,-0.0217946556076071,-0.0329961073716649,0.2301355242416488,2.0
REXO4,2.305826260800586,0.8343148400297767,2.482710504828365,32,1.9495933164416428,0.6864794409159339,2.112504653778027,42,1.3853134900059991,0.9380126677267838,1.4179683382060748,81,1.3941564541100884,0.9455065166655202,1.4017453447266084,81,0,0,0,0,0,0.0,0.0,0.0,0.0,0.0,0.0,0.0,0.0,0.0,0.0,0.0,0.0,2.6669320416563203,0.0008929295496766,300.0,0.025562719606939,0.0311792639813608,-0.0567419835882997,0.014547249031235,0.0210504558212397,0.1490816720290745,6.0
RNASEH2C,2.0574941379722067,0.8439108238873589,2.1196880193006495,32,2.259055693673864,0.6678314982656837,2.5077454382741386,42,1.6347621099617535,1.0140725514479432,1.807689461538185,81,1.521164302788048,1.0052542574163579,1.5929723687950486,81,0,0,0,0,0,0.0,0.0,0.0,0.0,0.0,0.0,0.0,0.0,0.0,0.0,0.0,0.0,12.12211403597847,0.0185198020586658,300.0,-0.1887372268445374,0.3366113258485854,-0.1478740990040481,0.229774954788324,0.2328318147062572,1.135829421191752,4.0
RORA,2.3803705220466016,0.8493167731978701,2.524946484354107,32,1.8835478373789556,0.7103042239268952,1.8890654249715366,42,1.3068342022922135,0.9217515640096197,1.2911162088539752,81,1.3584510584051517,0.947551914745439,1.343693943992075,81,0,0,0,0,0,0.0,0.0,0.0,0.0,0.0,0.0,0.0,0.0,0.0,0.0,0.0,0.0,3.513513349967564,0.0015597380981683,300.0,0.1230431325097733,-0.0846936796578572,-0.0383494528519159,-0.0263410533192166,-0.0192960224098976,0.2917233407486608,1.0
RREB1,2.3527047764859716,0.8448348063077631,2.5039109687021854,32,1.9366451351914076,0.6974291180940935,2.0590351746187094,42,1.3422274721672485,0.9330480798067708,1.2772016654668703,81,1.3842477243788762,0.9438973877023454,1.389143099241943,81,1,0,0,0,1,0.0,0.0,0.0,0.0,0.0,0.0,0.0,0.0,0.0,0.0,0.0,0.0,2.79068664280987,0.0009633990372964,300.0,0.0350448783505198,-0.0436694530865248,0.0086245747360049,-0.0024175793386086,0.044157002676182,0.1339134881878404,1.0
RUNX1,2.3076102497187145,0.8578613062563917,2.4417090659343206,32,1.9288188473332144,0.7131685256095512,1.999680273553758,42,1.3669531414852971,0.9360964994266312,1.36363130986005,81,1.3856623447120902,0.954013980835668,1.3808251182627675,81,0,0,0,0,0,0.0,0.0,0.0,0.0,0.0,0.0,0.0,0.0,0.0,0.0,0.0,0.0,2.5788417860927035,0.0008357343788698,300.0,-0.0049695732492974,0.0160955182638122,-0.0111259450145148,-0.0142165499790428,-0.0679287673043248,0.1143363538109921,6.0
RXRG,2.2943042692921263,0.8494377329255233,2.484734996196232,32,1.9982193889622135,0.6821478413428594,2.107444191792146,42,1.4032824125272858,0.9513451724175787,1.4605359551189916,81,1.416315099374109,0.9449282196774339,1.4212663785719646,81,0,0,0,0,0,0.0,0.0,0.0,0.0,0.0,0.0,0.0,0.0,0.0,0.0,0.0,0.0,3.3092038356950435,0.001372505010033,300.0,-0.0101342206553242,0.0642859500749338,-0.0541517294196094,0.0269203381406039,0.0293879371552368,0.1848801754457082,6.0
SMAD2,2.2230281635083564,0.8328140247485557,2.379904315130834,32,2.0559100648774677,0.6763611912592804,2.2478519446066,42,1.4738431691701919,0.9531185159032738,1.5064849117325954,81,1.436440589290972,0.9530134146864039,1.4723965662811196,81,0,0,0,0,0,0.0,0.0,0.0,0.0,0.0,0.0,0.0,0.0,0.0,0.0,0.0,0.0,4.886303496772791,0.0030170420119413,300.0,-0.0415559265799916,0.1259355513728201,-0.0843796247928284,0.0592013252863691,0.065173084547527,0.3762455125795363,5.0
SMARCA4,2.34728094957513,0.8625365480428999,2.4927954103188963,32,1.9414456980881007,0.6908942793275518,2.0208695340319,42,1.3424870293661346,0.9340573459922654,1.3428998244970778,81,1.3906842307195646,0.9475645488451135,1.4192715064218595,81,1,0,0,0,1,0.0,0.0,0.0,0.0,0.0,0.0,0.0,0.0,0.0,0.0,0.0,0.0,2.5021919954199268,0.0007873772821623,300.0,0.0587187654390412,-0.0365741094058154,-0.0221446560332257,-0.0252045484670413,-0.0691008254384083,0.211742904783532,1.0
SOX13,2.326885162503091,0.8495216591643825,2.517463870715246,32,1.9464092104524415,0.6984633925662008,2.0673961143060655,42,1.3577557366850945,0.9342255434224566,1.3647422504246016,81,1.3919638464009996,0.9436620509142964,1.3256468744594745,81,1,0,0,0,1,0.0,0.0,0.0,0.0,0.0,0.0,0.0,0.0,0.0,0.0,0.0,0.0,3.037163274299308,0.0011613478780341,300.0,0.0280893948096704,-0.0011894940211999,-0.0268999007884704,-0.0026870659495587,-0.009221123490298,0.0680869790591977,6.0
SRPK1,2.391032411696906,0.8409517850356046,2.594694083555639,32,1.899506221349152,0.706927378269613,2.0063663991495586,42,1.2862605462533867,0.9142661128799343,1.3323760338796893,81,1.3859825456927395,0.95592795083619,1.451782807632728,81,0,0,0,0,0,0.0,0.0,0.0,0.0,0.0,0.0,0.0,0.0,0.0,0.0,0.0,0.0,6.641145610235977,0.0053173978236742,41.0,0.0481780866056794,-0.062431179165324,0.0142530925596447,-0.069959793222286,-0.2716324710080285,0.4664546225609628,3.0
SSB,2.316315231686947,0.8890323535726645,2.5355932441881177,32,1.920736844993037,0.7000246464190252,2.0332513377243804,42,1.3378368315533489,0.9413770134351124,1.2931890233977326,81,1.3839314534016018,0.9498343819823479,1.438115130962304,81,0,0,0,0,0,0.0,0.0,0.0,0.0,0.0,0.0,0.0,0.0,0.0,0.0,0.0,0.0,2.7633455321131115,0.0009646523207582,300.0,0.0119794582346177,-0.0017391768964641,-0.0102402813381534,-0.0128773407909964,-0.0484919751402599,0.0853282324004916,1.0
SUPT5H,2.2750179453093953,0.8609336690177163,2.4949813173287017,32,1.9561633441143242,0.7084145532993177,2.102885584220398,42,1.3605779462347805,0.9489741002034984,1.334090393264276,81,1.3862082928767248,0.9616803592182653,1.2908607100434928,81,0,0,0,0,0,0.0,0.0,0.0,0.0,0.0,0.0,0.0,0.0,0.0,0.0,0.0,0.0,3.894750349187321,0.001910028742517,300.0,0.0017447770842997,-0.0085991554894387,0.0068543784051391,0.0158142653551198,0.0729053441180219,0.1059179204520194,6.0
TCEAL1,2.3963900106120875,0.8150313595805184,2.5515936424408947,32,1.8456370125713657,0.7006742634750684,1.9221986678725094,42,1.2848839515847505,0.9088524360707111,1.303439579953203,81,1.3596201214815444,0.9308722483125262,1.4181610304068784,81,0,0,0,0,0,2.30310215902472,0.06093096256085593,0.026456039876239085,2.4148274152188343,0.4958919657943274,0.30181677329068374,0.23927203312223497,-0.29000903478854234,0.34491364744424813,-0.23870899359657433,0.4382311591492435,-0.11591185602931565,4.305917947954276,0.0023441127406812,300.0,0.1212286693282554,-0.0687189760334406,-0.0525096932948148,-0.0174146372288542,0.0066283985571888,0.2665003744425539,2.0
TCERG1,2.345630737731758,0.8391370494412369,2.4810973760834365,32,1.9622538523577742,0.7011381581389124,2.059264683382111,42,1.3600067876912343,0.939622571694466,1.3483000841862218,81,1.3905594378995452,0.944248051552864,1.3957578498723249,81,0,0,0,0,0,0.0,0.0,0.0,0.0,0.0,0.0,0.0,0.0,0.0,0.0,0.0,0.0,2.35655407205438,0.0006611421011024,300.0,0.0298056225072065,0.0153440658768458,-0.0451496883840525,-0.0064083913531272,-0.0387557586792614,0.1354635268004936,6.0
TCF7L2,2.355563248906305,0.8311390864530974,2.4806327373063928,32,1.884323860811362,0.7089172621358399,2.0292131657756403,42,1.3080963020228202,0.9282345144377012,1.3367002454438723,81,1.3652447527884255,0.9361718372278022,1.403509085622601,81,0,0,0,0,0,0.0,0.0,0.0,0.0,0.0,0.0,0.0,0.0,0.0,0.0,0.0,0.0,3.355588580270985,0.0013795351672797,300.0,0.0060367769404336,-0.0684413825338335,0.0624046055933997,-0.0212491915030883,-0.0140567134322709,0.1721886700030262,1.0
TCFL5,2.3161135179505203,0.8473908865175473,2.437618366797053,32,1.905444065342069,0.7083717124730277,1.9873179214215948,42,1.3242651091585027,0.9276784713062022,1.2713198760374285,81,1.3820972431990126,0.9433195080739614,1.4415697066894595,81,0,0,0,0,0,0.0,0.0,0.0,0.0,0.0,0.0,0.0,0.0,0.0,0.0,0.0,0.0,2.698169925912977,0.0009145503861154,300.0,0.0121566570272217,-0.0378999511940849,0.0257432941668631,0.0109650622690433,0.0967885816235504,0.1835535462807636,1.0
TEAD1,2.2588683174916886,0.8302099744426962,2.407982252665941,32,2.005824447071318,0.6762112691902524,2.152812406463308,42,1.4151048040406726,0.9430699088978896,1.4093228075441666,81,1.4248773451289194,0.9468308633881736,1.3928399530195457,81,0,0,0,0,0,0.0,0.0,0.0,0.0,0.0,0.0,0.0,0.0,0.0,0.0,0.0,0.0,3.674003312015554,0.0016860611111282,300.0,-0.0215953488808368,0.0719377437746257,-0.0503423948937888,0.041471522819981,0.0665599488170444,0.2519069591862767,5.0
TFAP2A,2.2819677512316017,0.8550741218389207,2.451467257214407,32,1.9589593931771805,0.6895755735861456,2.0534468012848435,42,1.3830763246168518,0.9373434246622864,1.3489267226961847,81,1.3999902242608793,0.9399310585886783,1.4893645936634683,81,0,0,0,0,0,0.0,0.0,0.0,0.0,0.0,0.0,0.0,0.0,0.0,0.0,0.0,0.0,2.5253071318183298,0.0007948726445125,300.0,-0.0123458519670396,0.0062228407082078,0.0061230112588318,0.0266978400207131,0.094805885156355,0.1461954291111475,6.0
TFEB,2.3445323057875043,0.8498811983380414,2.447917515214206,32,1.9014632567093794,0.700260429608146,2.02010443634061,42,1.3281809260502835,0.9274158960910774,1.2954404232593535,81,1.377817453486545,0.9388179444763122,1.420239676821624,81,0,0,0,0,0,0.0,0.0,0.0,0.0,0.0,0.0,0.0,0.0,0.0,0.0,0.0,0.0,2.8906563383505453,0.0010424836515311,300.0,0.016636095633599,0.0082503730424294,-0.0248864686760285,-0.0075073941362236,-0.036675450950722,0.0939557824390026,1.0
TMEM107,2.1588450469882536,0.8839302830467098,2.315199818650145,32,2.0716670366424617,0.679892990310686,2.211725779921571,42,1.4734665209472249,0.9548301635625744,1.5126864260607478,81,1.4309557858275612,0.9648798331405972,1.419535184268197,81,0,0,0,0,0,0.0,0.0,0.0,0.0,0.0,0.0,0.0,0.0,0.0,0.0,0.0,0.0,6.599902664098237,0.0055163310628282,212.0,-0.0975881352074821,0.1433902658415788,-0.0458021306340966,0.1187194520607328,0.198955764286089,0.6044557480299795,4.0
TRPS1,2.348191800399366,0.8745425625162652,2.525121445633287,32,1.89384257804078,0.7031856869814239,1.9346842256074972,42,1.3152785520825563,0.9241099991703202,1.2340147957729104,81,1.3572968800155407,0.9367803683910397,1.3358928459148425,81,0,0,0,0,0,0.0,0.0,0.0,0.0,0.0,0.0,0.0,0.0,0.0,0.0,0.0,0.0,2.900247012717556,0.0010609711763482,300.0,0.0431299969090961,-0.0309736096876686,-0.0121563872214275,0.0019356316143153,0.0456752212996637,0.1338708467321714,1.0
TRRAP,2.287648667743037,0.8523158678826808,2.444886097529329,32,1.9566100435097509,0.6971664676537084,2.006966181632607,42,1.3812885194561684,0.9356668699122895,1.4243860830351929,81,1.398421739022181,0.9398283392195007,1.4297593282127694,81,0,0,0,0,0,0.0,0.0,0.0,0.0,0.0,0.0,0.0,0.0,0.0,0.0,0.0,0.0,2.885239289535723,0.0010381268671063,300.0,-0.0209801490424819,0.0315185499911919,-0.0105384009487097,0.0158216403852344,0.0251154964716462,0.1039742368392644,6.0
TSC22D1,2.3385235133963276,0.8443603138950573,2.4781113570926,32,1.9041883332435494,0.7113401484293826,1.969840322322304,42,1.3220066868897837,0.930612080619067,1.3323417138310103,81,1.3751968233458878,0.9454108643019596,1.3707845131824288,81,0,0,0,0,0,0.0,0.0,0.0,0.0,0.0,0.0,0.0,0.0,0.0,0.0,0.0,0.0,2.8897678674452423,0.0010497565157333,300.0,0.0133149326306282,-0.0228203059573554,0.0095053733267271,-0.0107994878787745,-0.0195999506828253,0.0760400504763107,1.0
TSHZ2,2.32882543261381,0.8472314866733014,2.4799253320313177,32,1.9148735064774607,0.7072914779984374,2.0597561128000046,42,1.3386531086847302,0.925704409576536,1.252366143943867,81,1.3778158806210024,0.9447290550666854,1.4190130915338626,81,0,0,0,0,0,0.014194257314340153,0.010786698436172425,0.7599339733880588,0.0535388771560876,0.1995325685090213,0.08994669654703784,0.13096929366468188,-0.0684757447719451,0.20636822105192662,-0.08300102181134489,0.296853394835848,-0.018705878291374645,2.654706703960392,0.000887638784591,300.0,0.0690278112319578,-0.0478757110299976,-0.0211521002019602,-6.732010400650745e-05,0.0617008623253048,0.199823804893227,1.0
TWIST1,2.3087014119682467,0.8408054458425733,2.45744365025484,32,1.9262770496130124,0.6834763547678225,2.0487529489722416,42,1.339271409480716,0.9225945451791906,1.271170401898056,81,1.3778306907933693,0.9331213327709528,1.3736967202691148,81,0,0,0,0,0,0.0,0.0,0.0,0.0,0.0,0.0,0.0,0.0,0.0,0.0,0.0,0.0,2.8549190973825542,0.00100807186303,300.0,0.0848713738925345,-0.0345442808273142,-0.0503270930652203,-0.0027031560541445,0.029954830579273,0.2024007344184865,1.0
TWIST2,2.2107496219482003,0.8391642424848843,2.3695606759414574,32,2.0163831379333574,0.693313686838707,2.1286952258916387,42,1.4395184859349965,0.9472337016106609,1.4775037861220908,81,1.421175869859254,0.9458820544510854,1.4295056774216048,81,0,0,0,0,0,0.0,0.0,0.0,0.0,0.0,0.0,0.0,0.0,0.0,0.0,0.0,0.0,3.8630164549550776,0.0018843737513598,300.0,-0.0434854207029687,0.0705988557982379,-0.027113435095269,0.0561196541006846,0.1125780553077608,0.3098954210049213,5.0
ZFP2,2.3030552636050605,0.8449189504076402,2.4758118898298473,32,2.0076123019557293,0.6961665698307656,2.1896469304343817,42,1.3947581352659024,0.9475329213723702,1.4066699600568384,81,1.4198434096796637,0.9553800631900535,1.4244401561082127,81,0,0,0,0,0,0.0,0.0,0.0,0.0,0.0,0.0,0.0,0.0,0.0,0.0,0.0,0.0,2.869509634284174,0.0010270498577126,300.0,-0.0354215769771633,0.0642859500749338,-0.0288643730977704,0.0059022757432311,-0.0359181852937428,0.1703923611868415,6.0
ZFPM2,2.344919755207464,0.8395733889241326,2.4889671342746067,32,1.9210028198498559,0.7091486829286897,2.0445781952409647,42,1.335670884536499,0.9330794763538468,1.336596245655319,81,1.3850426633551782,0.9423778448719663,1.390736309759811,81,1,0,1,0,0,1.566060042476089,0.08462509429624455,0.05403694111053404,1.7556722143112635,0.23203621777095615,0.07139885981091436,0.2080909571655209,-0.047700353375565586,0.18409410429376638,-0.05289489779492403,0.2320233197043763,-0.010897219761786174,2.7790293094634406,0.0009531266890713,300.0,0.0247653143100174,-0.0323622906901799,0.0075969763801623,-0.020341472611599,-0.0512934879571811,0.1363595419491398,1.0
ZFY,2.3419245245568074,0.8466845225160048,2.5251673878432506,32,1.8955388442894694,0.7011455814652823,2.002160306662439,42,1.3208231139915165,0.9251888020613913,1.262266414788377,81,1.3695420599627621,0.9396008929444792,1.406454514764842,81,0,0,0,0,0,0.0,0.0,0.0,0.0,0.0,0.0,0.0,0.0,0.0,0.0,0.0,0.0,3.3450725084089985,0.0013967637259978,300.0,0.0017324527826254,-0.0042394337721706,0.0025069809895452,-0.0257771717200769,-0.0972138663568657,0.1314699056212839,1.0
ZHX3,2.248171889226268,0.8674911484573771,2.4199472143004885,32,2.008220676711894,0.7023968162651384,2.1335476480222733,42,1.4126577634537607,0.9515537536023695,1.3990263496944928,81,1.4177477676221024,0.9463554658238077,1.3835868894077028,81,0,0,0,0,0,0.0,0.0,0.0,0.0,0.0,0.0,0.0,0.0,0.0,0.0,0.0,0.0,2.851015873850761,0.0010221594733603,300.0,-0.004604727337467,0.0341719748045045,-0.0295672474670374,0.0254118757819215,0.0552906059150484,0.1490464313059789,5.0
ZNF138,2.316511301101083,0.816871007463134,2.5077155453303996,32,1.9732949954954049,0.6945292765622392,2.1133586270464293,42,1.3939593155307528,0.9341352740609281,1.3369072865700888,81,1.4237417091780287,0.9473064299031653,1.4449549031061388,81,0,0,0,0,0,0.0,0.0,0.0,0.0,0.0,0.0,0.0,0.0,0.0,0.0,0.0,0.0,2.6781061689018206,0.0008887641442096,300.0,0.0069120864783152,0.0400970001634665,-0.0470090866417817,0.0266459509030402,0.0529289325007433,0.1735930566873471,6.0
ZNF141,2.3060795251596047,0.861771711966459,2.503552448206217,32,1.9482108055872256,0.6954659923650082,2.0973351928200916,42,1.3582945818037837,0.9392476766552678,1.315322605687033,81,1.384014166782996,0.9526486924577301,1.3659863114507884,81,0,0,0,0,0,0.0,0.0,0.0,0.0,0.0,0.0,0.0,0.0,0.0,0.0,0.0,0.0,2.8315477970955056,0.0010122400157617,300.0,0.0341849659052416,-0.0123608226925286,-0.0218241432127129,-0.0154726137351066,-0.0494102487858063,0.1332527943313961,1.0
ZNF146,2.3426567560011606,0.8440538921461741,2.489657494446937,32,1.9197689416727888,0.714784633264211,2.0237563202139257,42,1.343720981177169,0.9397367354039976,1.2592608709272175,81,1.3723268183445843,0.9501907845250176,1.3701342982462847,81,0,0,0,0,0,0.0,0.0,0.0,0.0,0.0,0.0,0.0,0.0,0.0,0.0,0.0,0.0,2.621516721742598,0.0008680117906227,300.0,0.0508667749098852,-0.0233011618808992,-0.0275656130289859,-0.0227156987340971,-0.069951798739121,0.1944010472929885,1.0
ZNF215,2.295791702777008,0.8638701381588847,2.483875938217505,32,1.991528403093158,0.703076948461482,2.1587636658109943,42,1.3776259508685627,0.9453244431298023,1.377368805616852,81,1.4136786282664913,0.956076293801833,1.4224752592736012,81,0,0,0,0,0,0.0,0.0,0.0,0.0,0.0,0.0,0.0,0.0,0.0,0.0,0.0,0.0,2.731447271911202,0.0009385421790394,300.0,-0.0246591847357839,0.0022124946151637,0.0224466901206203,-0.009412918222286,-0.0385497642411113,0.0972810519349654,6.0
ZNF254,2.2816334783039025,0.8749158849316753,2.495447593557693,32,1.9852923180779378,0.6998535814651299,2.0874742968831925,42,1.3846687775545965,0.9400468895093782,1.3659559580761167,81,1.4030778951971203,0.9496232457572157,1.4366673389396718,81,0,0,0,0,0,0.0,0.0,0.0,0.0,0.0,0.0,0.0,0.0,0.0,0.0,0.0,0.0,2.7591656811522887,0.0009590750300708,300.0,-0.0241483674280916,0.057831484999779,-0.0336831175716872,0.0185017452392523,0.0088553338700202,0.1430200491088307,6.0
ZNF26,2.3453168987818707,0.8441849583900349,2.5148393917505008,32,1.9172548691390037,0.6989118223356773,1.9917827081366366,42,1.3389967897764785,0.9215526752888552,1.320978361513963,81,1.3932744768847747,0.9386982120043792,1.4391836649318044,81,0,0,0,0,0,0.0,0.0,0.0,0.0,0.0,0.0,0.0,0.0,0.0,0.0,0.0,0.0,2.632033801761126,0.0008687346975703,300.0,0.0610010385481473,0.0107776028444928,-0.0717786413926401,-0.0122374843299304,-0.0565161919382611,0.2123109590534717,1.0
ZNF283,2.328545500573255,0.8513610423658561,2.450215478213993,32,1.9372841206018752,0.6922276632870199,2.004926462466805,42,1.3516624571914388,0.927784438950818,1.3280184437548213,81,1.3948620767733433,0.9369041603677672,1.4700118746513264,81,0,0,0,0,0,0.0,0.0,0.0,0.0,0.0,0.0,0.0,0.0,0.0,0.0,0.0,0.0,2.644241751015352,0.0008708726291104,300.0,0.0247111326932381,-0.0146509221829435,-0.0100602105102944,-0.0037137364399516,0.0010948017192441,0.054230803545672,1.0
ZNF331,2.318790894957941,0.84410677827775,2.483908746409074,32,1.924714941857874,0.6987926529692353,2.009033473321825,42,1.3483877266804625,0.9297712091453191,1.3228709900603886,81,1.392294441381059,0.9435535690797872,1.476241441401826,81,0,0,0,0,0,0.0,0.0,0.0,0.0,0.0,0.0,0.0,0.0,0.0,0.0,0.0,0.0,2.1953200459841367,0.0006088202819134,300.0,-0.0023104014724786,0.0267605951053597,-0.024450193632881,0.0196760611194506,0.0436384649525625,0.1168357162827327,1.0
ZNF334,2.329538231602821,0.844442247830348,2.5067406479335537,32,1.9825501127468614,0.6984067554550337,2.144426723263194,42,1.3725864849050295,0.9480355991447332,1.3512721944143218,81,1.4120949911378233,0.9465707276691678,1.431033368695659,81,0,0,0,0,0,0.0,0.0,0.0,0.0,0.0,0.0,0.0,0.0,0.0,0.0,0.0,0.0,2.6407475318847697,0.0008500451275215,300.0,-0.0242772887860633,0.0287597187771748,-0.0044824299911114,0.0068558492358145,-0.0033397880811992,0.0677150748713633,6.0
ZNF354B,2.3617823644205655,0.8524400423480553,2.5404520037957887,32,1.9434324089045045,0.701307705559766,2.006408890035286,42,1.3271636445119204,0.9427953135232197,1.3356411570024538,81,1.37369152065465,0.9536385877206803,1.4167691995575418,81,0,0,0,0,0,0.0,0.0,0.0,0.0,0.0,0.0,0.0,0.0,0.0,0.0,0.0,0.0,2.7915439707870706,0.0009749981715218,300.0,0.0217295942726548,-0.0409567872062147,0.0192271929335599,-0.0165139423080807,-0.0248792242547818,0.1233067409752919,1.0
ZNF419,2.306429746245331,0.8525321571670734,2.4520799065167243,32,1.9454968233449386,0.685990915881557,2.069611031773477,42,1.3547289666269677,0.9293275226577097,1.3140746302385191,81,1.3901112320569635,0.942854284258865,1.3729664087535844,81,0,0,0,0,0,0.0,0.0,0.0,0.0,0.0,0.0,0.0,0.0,0.0,0.0,0.0,0.0,2.534300458611179,0.0008070748328463,300.0,0.0008323190303566,-0.0079118104422251,0.0070794914118685,-0.0082668233514109,-0.0245060342264193,0.0485964784622806,6.0
ZNF44,2.2664774110596384,0.867594746463984,2.452942616995649,32,1.9735651540829342,0.7084250708128172,2.1690768521469312,42,1.4007531474537116,0.9504473646720246,1.4053533342052154,81,1.4088879550343203,0.9499149686974409,1.3464339152980385,81,0,0,0,0,0,0.0,0.0,0.0,0.0,0.0,0.0,0.0,0.0,0.0,0.0,0.0,0.0,2.7197923145176164,0.0009345585016302,300.0,-0.0516706861268809,0.0254357408393289,0.0262349452875519,0.0063518125010843,-0.0019695496597139,0.1116627344145602,5.0
ZNF480,2.284144046561756,0.8509910673332753,2.4711283473770393,32,1.9940333867433324,0.6972106707869071,2.137303181642239,42,1.3939271582194386,0.9418488121902787,1.431202280012233,81,1.425513596144778,0.9480625133774147,1.4168274701148282,81,0,0,0,0,0,0.0,0.0,0.0,0.0,0.0,0.0,0.0,0.0,0.0,0.0,0.0,0.0,2.6063986051020582,0.0008562550501557,300.0,-0.0042938975736218,0.0478522750205691,-0.0435583774469471,0.0246348013723086,0.0381020422663078,0.1584413936797545,6.0
